itemId,parentItemId,name,salePrice,upc,categoryPath,numReviews,customerRating,categoryNode,offerType
55303453,55303453,Acer Chromebook 14 CB3-431-C7VZ - 14" - Celeron N3160 - 4 GB RAM - 32 GB SSD - US,305.01,888863818631,Electronics/Computers/Laptops/Shop Laptops by Type/Google Chromebook,2,5.0,3944_3951_1089430,ONLINE_ONLY
664672844,664672844,Refurbished Acer 11.6" Intel Celeron Dual-Core 1.6GHz 4GB Ram 16GB Flash Chrome OS|C731-C8VE,173.24,841631116568,Electronics/Computers/Laptops/Shop Laptops by Type/Google Chromebook,0,0.0,3944_3951_1089430,ONLINE_ONLY
801910190,801910190,MSI GS73 STEALTH-016 VR 17.3" Gaming Laptop i7-8750H 16GB 2TB 256GB GTX1070 8GB,2299.0,824142160619,Electronics/Computers/Laptops/Shop Laptops by Type/Gaming Laptops,0,0.0,3944_3951_1089430,ONLINE_ONLY
777409234,777409234,Dell - Inspiron 11 3000 2-in-1, 11.6-inch HD, AMD A6-9220e, 4GB 2400MHz DDR4, 32GB eMMC Storage, Integrated Graphics AMD APU,199.0,884116292760,Electronics/Computers/Laptops/Shop Laptops by Type/All Laptop Computers,131,3.168,3944_3951_1089430,ONLINE_ONLY
328515930,328515930,Acer R5 2-in-1 Notebook with Intel i5-7200U, 8GB 256GB SSD,706.07,191114297803,Electronics/Computers/Laptops/Shop Laptops by Type/2-in-1 Laptops,0,0.0,3944_3951_1089430,ONLINE_ONLY
54392415,54392415,Refurbished HP EliteBook 2560p 12.5" Laptop, Windows 10 Pro, Intel Core i5 Processor, 4GB RAM, 160GB Hard Drive,248.55,812177027779,Electronics/Computers/Laptops/Shop Laptops by Type/Refurbished Laptops,0,0.0,3944_3951_1089430,ONLINE_ONLY
168326149,168326149,Lenovo N42-20 Touch Chromebook - 14" - Celeron N3060 - 4 GB RAM - 16 GB SSD,265.05,190725235860,Electronics/Computers/Laptops/Shop Laptops by Type/Touchscreen Laptops,0,0.0,3944_3951_1089430,ONLINE_ONLY
310655989,310655989,MSI GS63VR Stealth Pro-230 15.6" Ultra Thin and Light Gaming Laptop Intel Core i7-7700HQ GTX 1060 16GB 256GB NVMe SSD + 2TB VR Ready - Metal Chassis,1920.49,824142138885,Electronics/Computers/Laptops/Shop Laptops by Type/Gaming Laptops,0,0.0,3944_3951_1089430,ONLINE_ONLY
366460378,366460378,Dell - XPS 13, 13.3-inch 4K Ultra HD, Intel Core i7-8550U, 8GB 1866MHz LPDDR3, 256 GB PCIe (SSD), Intel UHD Graphics 620,1399.0,884116277187,Electronics/Computers/Laptops/Laptops By Brand/Dell Laptops,1916,4.061,3944_3951_1089430,ONLINE_ONLY
51006276,51006276,HP ProBook 650 G2 - 15.6" - Core i5 6200U - 8 GB RAM - 256 GB SSD,1044.29,889899383476,Electronics/Computers/Laptops/Shop Laptops by Type/All Laptop Computers,0,0.0,3944_3951_1089430,ONLINE_ONLY
54392464,54392464,Refurbished Lenovo ThinkPad X220 12" Laptop, Windows 10 Pro, Intel Core i5-2520M Processor, 8GB RAM, 320GB Hard Drive,260.57,812177027953,Electronics/Computers/Laptops/Shop Laptops by Type/All Laptop Computers,0,0.0,3944_3951_1089430,ONLINE_ONLY
54392403,54392403,Refurbished Dell Latitude E6420 14" Laptop, Windows 10 Pro, Intel Core i5-2520M Processor, 4GB RAM, 320GB Hard Drive,277.86,812177027434,Electronics/Computers/Laptops/Shop Laptops by Type/All Laptop Computers,0,0.0,3944_3951_1089430,ONLINE_ONLY
512383295,512383295,Dell Chromebook 11 3180,246.95,884116261827,Electronics/Computers/Laptops/Shop Laptops by Type/All Laptop Computers,1,5.0,3944_3951_1089430,ONLINE_ONLY
693767683,693767683,Asus FX503VD 15.6" Gaming Laptop i7-7700HQ 8GB 1TB 128GB GTX 1050 W10,999.0,889349842560,Electronics/Computers/Laptops/Laptops By Brand/Asus Laptops,0,0.0,3944_3951_1089430,ONLINE_ONLY
54392442,54392442,Refurbished HP EliteBook 8470P 14" Laptop, Windows 10 Pro, Intel Core i5-3320M Processor, 8GB RAM, 500GB Hard Drive,347.56,812177027755,Electronics/Computers/Laptops/Shop Laptops by Type/Refurbished Laptops,0,0.0,3944_3951_1089430,ONLINE_ONLY
54392418,54392418,Refurbished HP EliteBook 2560p 12.5" Laptop, Windows 10 Pro, Intel Core i5 Processor, 8GB RAM, 160GB Hard Drive,273.57,812177027786,Electronics/Computers/Laptops/Shop Laptops by Type/Refurbished Laptops,0,0.0,3944_3951_1089430,ONLINE_ONLY
54392433,54392433,Refurbished HP EliteBook 8460P 14" Laptop, Windows 10 Pro, Intel Core i5-2520M Processor, 8GB RAM, 128GB Solid State Drive,265.0,812177027663,Electronics/Computers/Laptops/Shop Laptops by Type/Refurbished Laptops,1,4.0,3944_3951_1089430,ONLINE_ONLY
54392406,54392406,Refurbished Dell Latitude E6420 14" Laptop, Windows 10 Pro, Intel Core i5-2520M Processor, 4GB RAM, 500GB Hard Drive,269.23,812177027441,Electronics/Computers/Laptops/Shop Laptops by Type/All Laptop Computers,0,0.0,3944_3951_1089430,ONLINE_ONLY
989056565,989056565,Asus P Series Essential 14" Laptop i5-7200U 8GB/256GB SSD Win10 Pro,772.45,889349572917,Electronics/Computers/Laptops/Laptops By Brand/Asus Laptops,0,0.0,3944_3951_1089430,ONLINE_ONLY
55823179,55823179,HP 15.6" Laptop, Touchscreen, 2-in-1, Windows 10, Intel Core i3-7100U Processor, 8GB RAM, 1TB Hard Drive (Assorted Color),599.99,190781857051,Electronics/Computers/Laptops/Shop Laptops by Type/Touchscreen Laptops,0,0.0,3944_3951_1089430,ONLINE_ONLY
450080973,450080973,HP EliteBook 840 G4 - 14" - Core i7 7500U - 16 GB RAM - 512 GB SSD,1577.0,190781383673,Electronics/Computers/Laptops/Laptops By Brand/HP Laptops,0,0.0,3944_3951_1089430,ONLINE_ONLY
144588950,144588950,Acer Predator Helios 300 15.6" Gaming Laptop i7-7700HQ 16GB 256GB 1TB GTX 1060,1199.0,191114286456,Electronics/Computers/Laptops/Laptops By Brand/Acer Laptops,0,0.0,3944_3951_1089430,ONLINE_ONLY
382769516,382769516,Lenovo IdeaPad 330-17AST 17.3 Inch LCD Notebook - AMD A-Series A6-9425 Dual-core (2 Core) 3.10 GHz - 8 GB DDR4 SDRAM - 1 TB HDD - Windows 10 Home,505.35,192330691901,Electronics/Computers/Laptops/Laptops By Brand/Lenovo Laptops,0,0.0,3944_3951_1089430,ONLINE_ONLY
482229256,482229256,ASUS ROG Strix Scar Edition GL703GM-DS74 17.3" FHD Intel Core i7-8750H 16GB DDR4, 256GB PCIe SSD + 1TB SSHD, Windows 10,1599.0,889349993606,Electronics/Computers/Laptops/Shop Laptops by Type/Gaming Laptops,0,0.0,3944_3951_1089430,ONLINE_ONLY
127164410,127164410,Dell G5 Gaming Laptop 15.6", Intel Core i7-8750H, NVIDIA GeForce GTX 1060Ti 6GB, 16GB RAM, 1TB + 512GB SSD, G5587-7634BLK,1649.99,884116294634,Electronics/Computers/Laptops/Shop Laptops by Type/Gaming Laptops,0,0.0,3944_3951_1089430,ONLINE_ONLY
54392435,54392435,Refurbished HP EliteBook 8460P 14" Laptop, Windows 10 Pro, Intel Core i5-2520M Processor, 8GB RAM, 320GB Hard Drive,304.64,812177027649,Electronics/Computers/Laptops/Shop Laptops by Type/Refurbished Laptops,0,0.0,3944_3951_1089430,ONLINE_ONLY
113832797,113832797,Asus VivoBook 15.6" FullHD i7-7500U 8GB 256GB SSD DVDRW Win10,798.99,889349838112,Electronics/Computers/Laptops/Laptops By Brand/Asus Laptops,0,0.0,3944_3951_1089430,ONLINE_ONLY
586128511,586128511,Alienware R3 Gaming Laptop 13.3", Intel i7-7700HQ, Nvidia Geforce GTX 1060 GB, 8GB RAM, 256GB SSD, Windows 10s,1259.99,884116254799,Electronics/Computers/Laptops/Shop Laptops by Type/Gaming Laptops,5,3.6,3944_3951_1089430,ONLINE_ONLY
194403148,194403148,Alienware 15 R3 15.6" Gaming Laptop Intel i7-7700HQ, Nvidia Geforce GTX 1060 6GB GPU, 16GB RAM, 1TB HDD + 256GB SSD Storage, AW15R3-7001SLV-PUS,1099.99,884116254652,Electronics/Computers/Laptops/Shop Laptops by Type/Gaming Laptops,1,5.0,3944_3951_1089430,ONLINE_ONLY
745431610,745431610,Asus VivoBook Pro N705UQ-EB76 17 FHD Thin and Light Laptop (Intel Core i7, 8GB RAM, 256GB SSD, Windows 10 Home), Star Grey Notebook,790.0,889349839492,Electronics/Computers/Laptops/Laptops By Brand/Asus Laptops,0,0.0,3944_3951_1089430,ONLINE_ONLY
54392439,54392439,Refurbished HP EliteBook 8460P 14" Laptop, Windows 10 Pro, Intel Core i5-2520M Processor, 8GB RAM, 500GB Hard Drive,265.0,812177027656,Electronics/Computers/Laptops/Shop Laptops by Type/Refurbished Laptops,0,0.0,3944_3951_1089430,ONLINE_ONLY
54392465,54392465,Refurbished Lenovo ThinkPad X220 12" Laptop, Windows 10 Pro, Intel Core i5-2520M Processor, 8GB RAM, 500GB Hard Drive,231.0,812177027960,Electronics/Computers/Laptops/Shop Laptops by Type/All Laptop Computers,2,3.5,3944_3951_1089430,ONLINE_ONLY
54392436,54392436,Refurbished HP EliteBook 8470P 14" Laptop, Windows 10 Pro, Intel Core i5-3320M Processor, 4GB RAM, 128GB Solid State Drive,270.0,812177027731,Electronics/Computers/Laptops/Shop Laptops by Type/Refurbished Laptops,0,0.0,3944_3951_1089430,ONLINE_ONLY
329594317,329594317,Manufacturer Refurbished Acer Spin SP111-31-C2W3 11.6" Intel Celeron N3350 1.10 GHz 4GB Ram 32 GB Flash Windows 10 Home,229.36,841631116551,Electronics/Computers/Laptops/Shop Laptops by Type/All Laptop Computers,0,0.0,3944_3951_1089430,ONLINE_ONLY
779088925,779088925,Dell - Inspiron 15 5000 2-in-1, 15.6-inch FHD, Intel Core i5-8250U, 8GB 2400MHz DDR4, 256 GB (SSD), Intel UHD Graphics 620,853.66,884116275947,Electronics/Computers/Laptops/Shop Laptops by Type/2-in-1 Laptops,0,0.0,3944_3951_1089430,ONLINE_ONLY
580720691,580720691,Acer 17.3" Predator Laptop Intel i7 2.80GHz 16GB Ram 1TB HDD Windows 10 Home | Manufacturer Refurbished,1110.95,841631120992,Electronics/Computers/Laptops/Shop Laptops by Type/Gaming Laptops,0,0.0,3944_3951_1089430,ONLINE_ONLY
54392438,54392438,Refurbished HP EliteBook 8470P 14" Laptop, Windows 10 Pro, Intel Core i5-3320M Processor, 4GB RAM, 320GB Hard Drive,316.51,812177027717,Electronics/Computers/Laptops/Shop Laptops by Type/Refurbished Laptops,0,0.0,3944_3951_1089430,ONLINE_ONLY
54392405,54392405,Refurbished Dell Latitude E6420 14" Laptop, Windows 10 Pro, Intel Core i5-2520M Processor, 8GB RAM, 500GB Hard Drive,313.46,812177027472,Electronics/Computers/Laptops/Shop Laptops by Type/All Laptop Computers,0,0.0,3944_3951_1089430,ONLINE_ONLY
56208103,56208103,HP 11-AE040NR Snow White 11.6 inch HD Touch Chromebook X360, Chrome/Arc++ OS, Celeron N3350 Processor, 4GB Memory, 32GB eMMC Storage, HD Audio,318.99,191628845323,Electronics/Computers/Laptops/Shop Laptops by Type/All Laptop Computers,1,5.0,3944_3951_1089430,ONLINE_ONLY
56208102,56208102,HP 11-AE020NR Smoke Gray 11.6 inch HD Touch Chromebook X360, Chrome/Arc++ OS, Celeron N3350 Processor, 4GB Memory, 32GB eMMC Storage, HD Audio,359.9,191628834075,Electronics/Computers/Laptops/Shop Laptops by Type/All Laptop Computers,0,0.0,3944_3951_1089430,ONLINE_ONLY
951566418,951566418,ASUS E402WA-WH21 14" Laptop AMD E2-6110 Quad-Core 4GB 64GB eMMC Windows 10 S,249.88,889349869949,Electronics/Computers/Laptops/Laptops By Brand/Asus Laptops,0,0.0,3944_3951_1089430,ONLINE_ONLY
520436357,520436357,Dell 2-in-1 Tablet 13.3" Touchscreen Touch Screen I7375-A446GRY-PUS Laptop Notebook PC Computer AMD Ryzen 7 12GB Memory AMD Radeon RX Vega 10 256GB SSD,744.0,884116277446,Electronics/Computers/Laptops/Shop Laptops by Type/Touchscreen Laptops,177,3.91,3944_3951_1089430,ONLINE_ONLY
54808091,54808091,T101HA-C4-GR ATOM Z8350 4GB 64GB 10.1IN TOUCH SCREEN W10,259.0,889349505397,Electronics/Computers/Laptops/Shop Laptops by Type/Touchscreen Laptops,4,5.0,3944_3951_1089430,ONLINE_ONLY
747652139,747652139,15.6" Vivobook Max Laptop, Intel Pentium N4200, 1.10GHz, 4GB Memory, 500GB Hard Drive, Windows 10, Chocolate Black,269.0,889349785096,Electronics/Computers/Laptops/Laptops By Brand/Asus Laptops,3,3.333,3944_3951_1089430,ONLINE_ONLY
511623229,511623229,Asus ZENBOOK UX430UA-DH74 Core i7-8550U 16GB 512GB SSD 1920 x 1080 14 Inch LCD Notebook,1112.81,889349815861,Electronics/Computers/Laptops/Laptops By Brand/Asus Laptops,0,0.0,3944_3951_1089430,ONLINE_ONLY
360661508,360661508,Dell Inspiron 15 7577 15.6 inch 4k Gaming Laptop,1387.96,884116276289,Electronics/Computers/Laptops/Shop Laptops by Type/Gaming Laptops,0,0.0,3944_3951_1089430,ONLINE_ONLY
321669460,321669460,Acer Nitro 5, Intel Core i5-7300HQ, GeForce GTX 1050 Ti, 15.6" Full HD, 8GB DDR4, 256GB SSD, AN515-51-55WL Computer Laptop Notebook PC Gaming,729.99,191114456491,Electronics/Computers/Laptops/Laptops By Brand/Acer Laptops,0,0.0,3944_3951_1089430,ONLINE_ONLY
48896257,48896257,Acer Chromebook R 11 C738T-C5R6 - 11.6" - Celeron N3150 - 4 GB RAM - 32 GB SSD - US,328.71,888863475520,Electronics/Computers/Laptops/Shop Laptops by Type/All Laptop Computers,6,4.167,3944_3951_1089430,ONLINE_ONLY
46461696,46461696,Refurbished Dell 13.3" Latitude E6330 Laptop PC with Intel Core i5-3320M Processor, 4GB Memory, 128GB Solid State Drive and Windows 10 Pro,233.95,825633344563,Electronics/Computers/Laptops/Laptops By Brand/Dell Laptops,0,0.0,3944_3951_1089430,ONLINE_ONLY
54392430,54392430,Refurbished HP EliteBook 8460P 14" Laptop, Windows 10 Pro, Intel Core i5-2520M Processor, 4GB RAM, 128GB Solid State Drive,211.59,812177027632,Electronics/Computers/Laptops/Shop Laptops by Type/Refurbished Laptops,1,5.0,3944_3951_1089430,ONLINE_ONLY
55009826,55009826,Acer CB5-312T-K40U 13.3" multitouch screen Chromebook, Chrome OS, MediaTek M8173C Quad-Core Processor, 4GB RAM, 64GB eMMC,407.0,888863868568,Electronics/Computers/Laptops/Shop Laptops by Type/Touchscreen Laptops,3,4.0,3944_3951_1089430,ONLINE_ONLY
970815407,970815407,Refurbished Dell e5550 laptop i5 5300u 2.3ghz 250gb ssd display 1920x1080 windows 10 pro,1575.99,884116255277,Electronics/Computers/Laptops/Shop Laptops by Type/Refurbished Laptops,0,0.0,3944_3951_1089430,ONLINE_ONLY
738770223,738770223,Dell Latitude 7480 - 14" - Core i5 7300U - 8 GB RAM - 256 GB SSD,1160.63,884116260288,Electronics/Computers/Laptops/Laptops By Brand/Dell Laptops,0,0.0,3944_3951_1089430,ONLINE_ONLY
55605363,55605363,HP Chromebook 11 G5 - Education Edition - 11.6" - Celeron N3060 - 4 GB RAM - 16 GB SSD - US,159.0,190781580164,Electronics/Computers/Laptops/Shop Laptops by Type/All Laptop Computers,1,5.0,3944_3951_1089430,ONLINE_ONLY
477869956,477869956,Dell Inspiron 15-5577 Notebook with Intel i5-7300HQ, 8GB 1TB HDD,666.98,884116256328,Electronics/Computers/Laptops/Shop Laptops by Type/Gaming Laptops,2,4.0,3944_3951_1089430,ONLINE_ONLY
567991938,567991938,Dell Inspiron Gaming Laptop 15.6", Intel i7-7700hq, Nvidia GTX 1050Ti 4GB, 16GB RAM, 1TB + 512GB SSD, i5577-7342BLK,923.0,884116256342,Electronics/Computers/Laptops/Shop Laptops by Type/Gaming Laptops,8,4.0,3944_3951_1089430,ONLINE_ONLY
135303884,135303884,HP 250 G6 - 15.6" - Core i5 7200U - 4 GB RAM - 500 GB HDD - US,531.0,190781922070,Electronics/Computers/Laptops/Laptops By Brand/HP Laptops,0,0.0,3944_3951_1089430,ONLINE_ONLY
475383218,475383218,HP 250 G6 - 15.6" - Core i5 7200U - 4 GB RAM - 500 GB HDD - US,513.08,190781922056,Electronics/Computers/Laptops/Laptops By Brand/HP Laptops,0,0.0,3944_3951_1089430,ONLINE_ONLY
344414193,344414193,Asus FX73VE-WH71 17.3" Full HD GTX 1050Ti 4GB GDDR5 Gaming Laptop,1033.6,889349822999,Electronics/Computers/Laptops/Shop Laptops by Type/Gaming Laptops,0,0.0,3944_3951_1089430,ONLINE_ONLY
428054896,428054896,Dell Inspiron 11 3180 - A6 9220e / 1.6 GHz - Win 10 Home 64-bit - 4 GB RAM - 32 GB eMMC - 11.6" touchscreen 1366 x 768 (HD) - Radeon R5 - gray - with 1 Year Dell Mail-In Service,209.99,884116277361,Electronics/Computers/Laptops/Shop Laptops by Type/Touchscreen Laptops,0,0.0,3944_3951_1089430,ONLINE_ONLY
383226720,383226720,Dell Inspiron 15.6" Laptop AMD A6-9200 500GB 4GB Radeon R4 Graphics Windows 10,258.98,884116277453,Electronics/Computers/Laptops/Laptops By Brand/Dell Laptops,0,0.0,3944_3951_1089430,ONLINE_ONLY
757032453,757032453,Lenovo - Legion Y530 15.6" Laptop - Intel Core i7 - 8GB Memory - NVIDIA GeForce GTX 1050 Ti - 1TB Hard Drive - Black 81FV0001US Gaming Notebook,1149.99,192330691734,Electronics/Computers/Laptops/Laptops By Brand/Lenovo Laptops,0,0.0,3944_3951_1089430,ONLINE_ONLY
918220039,918220039,MSI GP63 Leopard-041 Core i7-8750H 16GB 128GB+ 1TB (7200RPM) 15.6" Windows 10 Pro,1371.02,824142160596,Electronics/Computers/Laptops/Shop Laptops by Type/Gaming Laptops,1,4.0,3944_3951_1089430,ONLINE_ONLY
553463612,553463612,Asus 15.6" FHD i7 8750H 16GB 512GB,2899.0,889349958629,Electronics/Computers/Laptops/Shop Laptops by Type/Gaming Laptops,0,0.0,3944_3951_1089430,ONLINE_ONLY
232485716,232485716,MSI GT83 Titan-027 Intel Core i7-8850H 2.6GHz 32GB 2TB Windows 10,6332.67,824142162583,Electronics/Computers/Laptops/Shop Laptops by Type/Gaming Laptops,0,0.0,3944_3951_1089430,ONLINE_ONLY
209522317,209522317,HP 15-DB0010NR, Smoke Gray 15.6 inch Laptop, Windows 10, E2-9000e QC Processor, 4GB Memory, 500GB Hard Drive, UMA Graphics, DVD,349.99,192545207775,Electronics/Computers/Laptops/Laptops By Brand/HP Laptops,0,0.0,3944_3951_1089430,ONLINE_ONLY
429432104,429432104,HP Pavilion 14-BA175NR Natural Silver 14 inch Touch Laptop, Windows 10, Core i5-8250U QC Processor, 8GB Memory, 1TB Hard Drive, UMA Graphics, B&O Play,629.99,192545180139,Electronics/Computers/Laptops/Laptops By Brand/HP Laptops,0,0.0,3944_3951_1089430,ONLINE_ONLY
127740435,127740435,HP ProBook 450 G3 - 15.6" - Core i5 6200U - 8 GB RAM - 500 GB HDD,799.89,889899601419,Electronics/Computers/Laptops/Shop Laptops by Type/All Laptop Computers,0,0.0,3944_3951_1089430,ONLINE_ONLY
54392440,54392440,Refurbished HP EliteBook 8470P 14" Laptop, Windows 10 Pro, Intel Core i5-3320M Processor, 8GB RAM, 128GB Solid State Drive,346.81,812177027762,Electronics/Computers/Laptops/Shop Laptops by Type/Refurbished Laptops,0,0.0,3944_3951_1089430,ONLINE_ONLY
54289991,54289991,Refurbished Dell Latitude E6440 14" Laptop, Windows 10 Pro, Intel Core i5-4300M Processor, 8GB RAM, 240GB Solid State Drive,363.0,825633403734,Electronics/Computers/Laptops/Laptops By Brand/Dell Laptops,0,0.0,3944_3951_1089430,ONLINE_ONLY
251504431,251504431,Microsoft Surface Laptop (Intel Core i7, 16GB RAM, 512GB) - Platinum,1754.09,889842227512,Electronics/Computers/Laptops/Shop Laptops by Type/Touchscreen Laptops,0,0.0,3944_3951_1089430,ONLINE_ONLY
913733552,913733552,Lenovo IdeaPad 11.6" Laptop Celeron N3350, 2GB Memory 32GB eMMC Flash,209.95,191800152584,Electronics/Computers/Laptops/Laptops By Brand/Lenovo Laptops,1,1.0,3944_3951_1089430,ONLINE_ONLY
536953792,536953792,RECERTIFIED HP ENVY 17-AE013CA LAPTOP,729.0,191628198191,Electronics/Computers/Laptops/Laptops By Brand/HP Laptops,0,0.0,3944_3951_1089430,ONLINE_ONLY
54392399,54392399,Refurbished Dell Latitude E6420 14" Laptop, Windows 10 Pro, Intel Core i5-2520M Processor, 8GB RAM, 128GB Solid State Drive,265.0,812177027489,Electronics/Computers/Laptops/Shop Laptops by Type/All Laptop Computers,0,0.0,3944_3951_1089430,ONLINE_ONLY
54392412,54392412,Refurbished Dell Latitude E6430 14.1" Laptop, Windows 10 Pro, Intel Core i5-3320M Processor, 8GB RAM, 500GB Hard Drive,203.99,812177027410,Electronics/Computers/Laptops/Shop Laptops by Type/All Laptop Computers,1,1.0,3944_3951_1089430,ONLINE_ONLY
54903940,54903940,HP x2 10-p020nr 10.1" Laptop, Touchscreen, 2-in-1, Windows 10 Home, Intel Atom x5-Z8350 Processor, 2GB RAM, 32GB eMMC Drive,249.99,190780619896,Electronics/Computers/Laptops/Shop Laptops by Type/Touchscreen Laptops,14,3.429,3944_3951_1089430,ONLINE_ONLY
940273768,940273768,C300SA-DH02 CEL N3060 4GB 16GB 13.3IN CHROME OS,205.88,889349589632,Electronics/Computers/Laptops/Shop Laptops by Type/Google Chromebook,1,5.0,3944_3951_1089430,ONLINE_ONLY
704000881,704000881,Lenovo 81B5000KUS Yoga 720 2-in-1 12.5" Touchscreen Touch Screen Tablet Laptop Notebook i5 8GB 128GB SSD,849.99,191927959844,Electronics/Computers/Laptops/Shop Laptops by Type/Touchscreen Laptops,0,0.0,3944_3951_1089430,ONLINE_ONLY
355533201,355533201,Lenovo - Yoga 720 12.5" Touch-Screen Laptop - Intel Core i3 - 4GB Memory - 128GB Solid State Drive - Platinum 81B5001HUS Notebook Tablet,549.0,191999415828,Electronics/Computers/Laptops/Shop Laptops by Type/Touchscreen Laptops,0,0.0,3944_3951_1089430,ONLINE_ONLY
457970210,457970210,HP - Envy x360 2-in-1 15.6" Touch-Screen Laptop - AMD Ryzen 5 - 8GB Memory - 1TB Hard Drive - HP Finish In Dark Ash Silver,789.99,192018362123,Electronics/Computers/Laptops/Laptops By Brand/HP Laptops,0,0.0,3944_3951_1089430,ONLINE_ONLY
605539612,605539612,MSI GT75 TITAN 4K-071 VR 17.3" Gaming Laptop i9-8950HK 32GB 1TB 1TB GTX 1080 8GB,4499.0,824142161609,Electronics/Computers/Laptops/Shop Laptops by Type/Gaming Laptops,0,0.0,3944_3951_1089430,ONLINE_ONLY
46461700,46461700,Refurbished Dell 13.3" Latitude E6330 Laptop PC with Intel Core i5-3320M Processor, 8GB Memory, 256GB Solid State Drive and Windows 10 Pro,310.0,825633344600,Electronics/Computers/Laptops/Laptops By Brand/Dell Laptops,1,5.0,3944_3951_1089430,ONLINE_ONLY
55172686,55172686,Refurbished Lenovo ThinkPad T440 14" Laptop, Windows 10 Pro, Intel Core i5-4300U Processor, 8GB RAM, 240GB Solid State Drive,349.67,825633408050,Electronics/Computers/Laptops/Shop Laptops by Type/Refurbished Laptops,4,4.0,3944_3951_1089430,ONLINE_ONLY
55172685,55172685,Refurbished Lenovo ThinkPad T440 14" Laptop, Windows 10 Pro, Intel Core i5-4300U Processor, 8GB RAM, 320GB Hard Drive,260.0,825633408029,Electronics/Computers/Laptops/Shop Laptops by Type/Refurbished Laptops,8,3.75,3944_3951_1089430,ONLINE_ONLY
947587079,947587079,Lenovo Yoga 720-15IKB 80X7 - Flip design - Core i7 7700HQ / 2.8 GHz - Win 10 Signature - 16 GB RAM - 512 GB SSD - 15.6" IPS touchscreen 3840 x 2160 (Ultra HD 4K) - NVIDIA GeForce GTX 1050 silver,1298.99,191376215218,Electronics/Computers/Laptops/Shop Laptops by Type/Touchscreen Laptops,0,0.0,3944_3951_1089430,ONLINE_ONLY
55485457,55485457,Refurbished HP EliteBook 840 G1 14" Laptop, Windows 10 Pro, Intel Core i5-4300U Processor, 4GB RAM, 320GB Hard Drive,220.0,825633411111,Electronics/Computers/Laptops/Shop Laptops by Type/Refurbished Laptops,9,4.889,3944_3951_1089430,ONLINE_ONLY
426110555,426110555,Dell I3567-3636BLK-PUS Inspiron 15.6" Touchscreen Laptop Notebook Computer PC 8GB 1TB,423.0,884116274636,Electronics/Computers/Laptops/Shop Laptops by Type/Touchscreen Laptops,1,3.0,3944_3951_1089430,ONLINE_ONLY
342196282,342196282,X751NA-DS21Q QC N4200 1.10G 8GB 1TB DVDRW 17.3IN W10 64BIT,499.99,889349695869,Electronics/Computers/Laptops/Laptops By Brand/Asus Laptops,3,3.333,3944_3951_1089430,ONLINE_ONLY
55855202,55855202,Refurbished HP 640 G1 14" Laptop, Windows 10 Pro, Intel Core i5-4300M Processor, 8GB RAM, 750GB Hard Drive,266.36,825633419438,Electronics/Computers/Laptops/Shop Laptops by Type/Refurbished Laptops,2,5.0,3944_3951_1089430,ONLINE_ONLY
550482430,550482430,Lenovo - 14" Touch-Screen Laptop - Intel Pentium - 4GB Memory - 500GB Hard Drive - Black Tablet PC Computer Notebook Touchscreen 81CW0000US,399.0,191999833233,Electronics/Computers/Laptops/Shop Laptops by Type/Touchscreen Laptops,0,0.0,3944_3951_1089430,ONLINE_ONLY
255619165,255619165,Dell Inspiron 2-in-1 15 7000 7573 - 15.6" FHD Touch - i5-8250U - 8GB - 2TB HDD,640.0,884116276104,Electronics/Computers/Laptops/Laptops By Brand/HP Laptops,1951,3.932,3944_3951_1089430,ONLINE_ONLY
280386001,280386001,Dell - Inspiron 15 5000 2-in-1, 15.6-inch FHD, Intel Core i7-8550U, 16GB 2400MHz DDR4, 512 GB (SSD), Intel UHD Graphics 620,982.81,884116275961,Electronics/Computers/Laptops/Laptops By Brand/Dell Laptops,1149,3.935,3944_3951_1089430,ONLINE_ONLY
462037372,462037372,Acer 15.6" Aspire 3 Laptop AMD 3 GHz 6 GB Ram 1TB HDD Windows 10 Home | Manufacturer Refurbished,314.63,841631120459,Electronics/Computers/Laptops/Laptops By Brand/Acer Laptops,0,0.0,3944_3951_1089430,ONLINE_ONLY
727707526,727707526,Samsung Notebook 9 Pro 13 - 13.3 Touch - 8Gen i7-8550U - 8GB - 256GB SSD - S-pen,1322.87,887276248882,Electronics/Computers/Laptops/Shop Laptops by Type/Touchscreen Laptops,0,0.0,3944_3951_1089430,ONLINE_ONLY
559231607,559231607,HP 14-CA020NR Chalkboard Gray 14 inch HD Chromebook, Chrome OS, Celeron N3350 DC Processor, 4GB Memory, 16GB eMMC Storage, UMA graphics, B&O Play,229.0,192018721937,Electronics/Computers/Laptops/Shop Laptops by Type/All Laptop Computers,1,5.0,3944_3951_1089430,ONLINE_ONLY
198749412,198749412,Acer Nitro 5 Laptop: Core i5-8300H, 8GB RAM, 1 TB HDD, 15.6" Full HD Display, NVidia GTX 1050,729.99,191114661963,Electronics/Computers/Laptops/Laptops By Brand/Acer Laptops,0,0.0,3944_3951_1089430,ONLINE_ONLY
302802390,302802390,Lenovo - 330-15IGM 15.6" Laptop - Intel Celeron - 4GB Memory - 500GB Hard Drive - Platinum Gray 81D1003TUS Notebook PC Computer,254.99,192563389484,Electronics/Computers/Laptops/Laptops By Brand/Lenovo Laptops,0,0.0,3944_3951_1089430,ONLINE_ONLY
55009824,55009824,Acer CB5-312T-K8Z9 13.3" Chromebook, Touchscreen, Chrome OS, MediaTek M8173C Quad-Core Processor, 4GB RAM, 32GB eMMC,515.95,888863852499,Electronics/Computers/Laptops/Shop Laptops by Type/Touchscreen Laptops,0,0.0,3944_3951_1089430,ONLINE_ONLY
320353800,320353800,Dell XPS 9560 Notebook with Intel i7-7700HQ, 16GB 512GB SSD,2099.99,884116254768,Electronics/Computers/Laptops/Laptops By Brand/Dell Laptops,39,3.436,3944_3951_1089430,ONLINE_ONLY
723341860,723341860,Asus 13.3" Laptop w/ Intel Celeron N3060, 4GB RAM & 16GB eMMC - Light Blue,242.94,889349589663,Electronics/Computers/Laptops/Shop Laptops by Type/Google Chromebook,0,0.0,3944_3951_1089430,ONLINE_ONLY
788808433,788808433,Asus Chromebook Flip C213SA-YS02 11.6" 2-in 1, Intel Celeron N3350 Dual Core, 4GB Memory, 32GB Hard Drive,374.85,889349717493,Electronics/Computers/Laptops/Shop Laptops by Type/Touchscreen Laptops,2,5.0,3944_3951_1089430,ONLINE_ONLY
918990542,918990542,13.9(UHD)/COREI7-8550U/16G/512G/620/W10,1499.0,191927547645,Electronics/Computers/Laptops/Shop Laptops by Type/Touchscreen Laptops,0,0.0,3944_3951_1089430,ONLINE_ONLY
446505509,446505509,ASUS Q535UD-BI7T11 2-in-1 Tablet Laptop Notebook PC 4K Ultra HD Touchscreen i7 16GB NVIDIA GeForce GTX 1050 2TB HDD + 256GB SSD,1784.99,889349820278,Electronics/Computers/Laptops/Shop Laptops by Type/Touchscreen Laptops,0,0.0,3944_3951_1089430,ONLINE_ONLY
592166295,592166295,Dell I7573-7012GRY-PUS Laptop Notebook PC Computer 15 2-in-1 7000 7573 15.6" FHD Touchscreen 12GB 2TB,914.99,884116276012,Electronics/Computers/Laptops/Shop Laptops by Type/Touchscreen Laptops,1924,3.935,3944_3951_1089430,ONLINE_ONLY
419846821,419846821,Dell - Inspiron 13 5000 2-in-1 13.3" - Intel Core i7 - 8GB Memory - 256GB SSD - Intel UHD Graphics 620,770.0,884116275923,Electronics/Computers/Laptops/Shop Laptops by Type/2-in-1 Laptops,13119,3.882,3944_3951_1089430,ONLINE_ONLY
381886666,381886666,HP 14-CA070NR Chalkboard Gray 14 inch HD Touch Chromebook, Chrome OS, Celeron N3350 DC Processor, 4GB Memory, 32GB eMMC Storage, UMA graphics, B&O Play,249.99,192018722552,Electronics/Computers/Laptops/Shop Laptops by Type/Google Chromebook,4,4.0,3944_3951_1089430,ONLINE_ONLY
363840609,363840609,Dell G Series 15.6" Laptop Notebook PC Computer I7588-7385BLK-PUS Intel Core i7 - 8GB Memory - NVIDIA GeForce GTX 1060 - 256GB Solid State Drive SSD,1109.0,884116293385,Electronics/Computers/Laptops/Laptops By Brand/Dell Laptops,558,4.194,3944_3951_1089430,ONLINE_ONLY
882462525,882462525,NOTEBOOK IP 330-15IKB I3 4G 4G 1T 10H,469.99,192563439554,Electronics/Computers/Laptops/Laptops By Brand/Lenovo Laptops,0,0.0,3944_3951_1089430,ONLINE_ONLY
823603887,823603887,Lenovo - 330-17IKB 17.3" Laptop - Intel Core i5 - 8GB Memory - 1TB Hard Drive - Onyx Black Laptop Notebook PC Computer 81DM001UUS,578.88,192563743712,Electronics/Computers/Laptops/Laptops By Brand/Lenovo Laptops,0,0.0,3944_3951_1089430,ONLINE_ONLY
144473305,144473305,Acer - R 11 CB5-132T-C8ZW 2-in-1 11.6" Touch-Screen Chromebook - Intel Celeron - 4GB Memory - 16GB eMMC Flash Memory - WhiteLaptop Notebook PC Computer Touchscreen,359.99,888863714155,Electronics/Computers/Laptops/Shop Laptops by Type/Touchscreen Laptops,0,0.0,3944_3951_1089430,ONLINE_ONLY
52274107,52274107,HP Chromebook 13 G1 - 13.3" - Pentium 4405Y - 4 GB RAM - 32 GB SSD,517.99,889899634868,Electronics/Computers/Laptops/Shop Laptops by Type/Google Chromebook,4,4.0,3944_3951_1089430,ONLINE_ONLY
55428691,55428691,Acer TravelMate B117-M-C9GH - 11.6" - Celeron N3160 - 4 GB RAM - 128 GB SSD - US International,460.99,888863760572,Electronics/Computers/Laptops/Shop Laptops by Type/All Laptop Computers,0,0.0,3944_3951_1089430,ONLINE_ONLY
55499365,55499365,SAMSUNG Chromebook Plus 12.3"Chrome OS 32GB eMMC - XE513C24-K01US,429.95,887276183961,Electronics/Computers/Laptops/Shop Laptops by Type/Touchscreen Laptops,56,3.857,3944_3951_1089430,ONLINE_AND_STORE
51053654,51053654,Lenovo ThinkPad P40 Yoga - 14" - Core i7 6600U - 16 GB RAM - 512 GB SSD,1499.95,190151427211,Electronics/Computers/Laptops/Shop Laptops by Type/Touchscreen Laptops,0,0.0,3944_3951_1089430,ONLINE_ONLY
155417374,155417374,Lenovo Legion Y720-15IKB 15.6" Intel Core i7-7700HQ 16GB DDR4 1TB HDD - 128GB SSD - Windows 10 Home 1920 x 1080 IPS Black Notebook,1301.34,191200630378,Electronics/Computers/Laptops/Shop Laptops by Type/All Laptop Computers,87,4.195,3944_3951_1089430,ONLINE_ONLY
305635796,305635796,Dell - Inspiron 15.6" Laptop - Intel Core i5 - 8GB Memory - NVIDIA GeForce GTX 1050 Ti - 256GB SSD I7567-5650BLK-PUS Gaming Notebook Computer,829.0,884116274650,Electronics/Computers/Laptops/Shop Laptops by Type/Gaming Laptops,1,5.0,3944_3951_1089430,ONLINE_ONLY
577394063,577394063,ASUS 2-in-1 Q325UA-BI7T21 Laptop Notebook PC Computer Tablet 13.3" FHD Touch Screen Touchscreen 16GB 512GB SSD i7,1249.99,889349810026,Electronics/Computers/Laptops/Shop Laptops by Type/2-in-1 Laptops,0,0.0,3944_3951_1089430,ONLINE_ONLY
982830635,982830635,HP Spectre x360 13-ae013dx - Flip design - Core i7 8550U / 1.8 GHz - Windows 10 Home - 16 GB RAM - 512 GB SSD NVMe - 13.3" IPS touchscreen 3840 x 2160 (Ultra HD 4K) - UHD Graphics 620 - 802.11ac, Bluetooth - HP finish in dark ash silver - kbd: US,1489.5,191628999125,Electronics/Computers/Laptops/Shop Laptops by Type/Ultrabooks,0,0.0,3944_3951_1089430,ONLINE_ONLY
50941500,50941500,Acer Sparkly Silver 14" CB3-431-C5FM Chromebook PC with Intel Celeron N3160 Processor, 4GB Memory, 32GB Flash Drive and Chrome OS,289.0,888863602995,Electronics/Computers/Laptops/Shop Laptops by Type/All Laptop Computers,13,4.385,3944_3951_1089430,ONLINE_ONLY
985636851,985636851,Microsoft Surface Laptop JRR-00001 Notebook 13.5" - Intel Core i5 - 4GB Memory - 128GB Solid State Drive - With Mouse - Platinum,1149.99,889842272239,Electronics/Computers/Laptops/Shop Laptops by Type/Touchscreen Laptops,0,0.0,3944_3951_1089430,ONLINE_ONLY
504201281,504201281,Dell Inspiron 15 7577 15.6 inch Gaming Laptop,908.0,884116276265,Electronics/Computers/Laptops/Laptops By Brand/Dell Laptops,0,0.0,3944_3951_1089430,ONLINE_ONLY
135670534,135670534,Dell - Inspiron 17 5000, 17.3-inch FHD, Intel Core i7-8550U, 16GB 2400MHz DDR4, 256 GB (SSD), AMD Radeon 530 Graphics,1019.99,884116276432,Electronics/Computers/Laptops/Laptops By Brand/Dell Laptops,0,0.0,3944_3951_1089430,ONLINE_ONLY
901117426,901117426,Manufacturer Refurbished Acer 14" Intel Celeron Quad-core 2.24 GHz 4 GB Ram 32 GB Flash Chrome OS|CB3-431-C3WS,278.99,841631120251,Electronics/Computers/Laptops/Shop Laptops by Type/Google Chromebook,1,5.0,3944_3951_1089430,ONLINE_ONLY
905738702,905738702,Chromebook 15 CB3-532-C8DF Chromebook,296.99,191114570975,Electronics/Computers/Laptops/Shop Laptops by Type/Google Chromebook,0,0.0,3944_3951_1089430,ONLINE_ONLY
269265367,269265367,Asus VivoBook S 15.6" FullHD Laptop i5-8250U Quad-Core 8GB 256GB SSD Win10,730.34,889349906965,Electronics/Computers/Laptops/Laptops By Brand/Asus Laptops,0,0.0,3944_3951_1089430,ONLINE_ONLY
452737370,452737370,Dell XPS i7-8550U 16GB 1TB SSD Intel UHD Graphics 620 13.3" FHD Windows 10 Home,1849.0,884116305040,Electronics/Computers/Laptops/Shop Laptops by Type/Touchscreen Laptops,1916,4.061,3944_3951_1089430,ONLINE_ONLY
832277314,832277314,Dell - Inspiron 15 5000, 15.6-inch FHD, Intel Core i7-8550U, 16GB 2400MHz DDR4, 2 TB 5400 RPM HDD, AMD Radeon 530,949.97,884116276487,Electronics/Computers/Laptops/Laptops By Brand/Dell Laptops,0,0.0,3944_3951_1089430,ONLINE_ONLY
44459930,44459930,Acer Chromebook C910-3916 - 15.6" - Core i3 5005U - 4 GB RAM - 32 GB SSD - US,407.25,888863096848,Electronics/Computers/Laptops/Shop Laptops by Type/Google Chromebook,1,4.0,3944_3951_1089430,ONLINE_ONLY
954697649,954697649,SAMSUNG Chromebook 3 11.6" Intel Celeron N3050 16GB eMMC, 2GB - XE500C13-K05US,199.99,887276201610,Electronics/Computers/Laptops/Shop Laptops by Type/Google Chromebook,3,4.0,3944_3951_1089430,ONLINE_ONLY
810861297,810861297,Microsoft Surface Laptop 13.5" Touchscreen 7thGen i7 8GB 256GB SSD W10S Platinum,1329.99,889842227093,Electronics/Computers/Laptops/Shop Laptops by Type/Touchscreen Laptops,0,0.0,3944_3951_1089430,ONLINE_ONLY
439277849,439277849,Google Pixelbook 12.3", 2-in 1 Touchscreen Display, Intel Core i5 Processor, 8GB, 128GB MC Storage, GA00122-US,847.99,842776102270,Electronics/Computers/Laptops/Shop Laptops by Type/Touchscreen Laptops,1,5.0,3944_3951_1089430,ONLINE_ONLY
672294248,672294248,Microsoft Surface Book 2 (Intel Core i7, 16GB RAM, 1TB) - 15",2999.0,889842247473,Electronics/Computers/Laptops/Shop Laptops by Type/Touchscreen Laptops,0,0.0,3944_3951_1089430,ONLINE_ONLY
952558082,952558082,Microsoft Surface Book 2 - 13.5" - Intel Core i7 8th Gen - 16GB RAM - 1TB dGPU - GTX 1050 w/2GB GDDR5,2554.49,889842249187,Electronics/Computers/Laptops/Shop Laptops by Type/Touchscreen Laptops,0,0.0,3944_3951_1089430,ONLINE_ONLY
285565910,285565910,Chromebook Flip C302CA (Silver),643.18,889349934920,Electronics/Computers/Laptops/Shop Laptops by Type/Google Chromebook,0,0.0,3944_3951_1089430,ONLINE_ONLY
881346606,881346606,Asus ROG GU501GM - 15.6" FHD - i7-8750H - GTX 1060 - 16GB - 1TB HDD+128GB SSD,1699.95,889349986745,Electronics/Computers/Laptops/Laptops By Brand/Asus Laptops,0,0.0,3944_3951_1089430,ONLINE_ONLY
756481827,756481827,Acer Nitro 5 Laptop: Core i5-8300H, 256GB SSD, 8GB RAM, 15.6" Full HD Display, NVidia GTX 1050 Ti,789.99,191114667897,Electronics/Computers/Laptops/Laptops By Brand/Acer Laptops,0,0.0,3944_3951_1089430,ONLINE_ONLY
50645940,50645940,HP ProBook 640 G2 - 14" - Core i5 6200U - 4 GB RAM - 500 GB HDD,899.99,889894960405,Electronics/Computers/Laptops/Shop Laptops by Type/All Laptop Computers,1,5.0,3944_3951_1089430,ONLINE_ONLY
780331325,780331325,Dell Latitude 5580 - 15.6" - Core i5 7300U - 8 GB RAM - 500 GB HDD,990.99,884116260189,Electronics/Computers/Laptops/Shop Laptops by Type/All Laptop Computers,0,0.0,3944_3951_1089430,ONLINE_ONLY
729356642,729356642,Microsoft Surface Laptop (Intel Core i5, 8GB RAM, 256GB) - Burgundy,1099.0,889842170634,Electronics/Computers/Laptops/Laptops By Brand/Surface Book,0,0.0,3944_3951_1089430,ONLINE_ONLY
413960776,413960776,Microsoft Surface Laptop (Graphite Gold) - Intel Core i5 (7th Gen) - 8 GB RAM - 256 GB SSD,1049.0,889842170610,Electronics/Computers/Laptops/Laptops By Brand/Surface Book,0,0.0,3944_3951_1089430,ONLINE_ONLY
519164453,519164453,HP 250 G6 - 15.6" - Core i5 7200U - 8 GB RAM - 256 GB SSD - US,685.1,190781922322,Electronics/Computers/Laptops/Laptops By Brand/HP Laptops,3,3.667,3944_3951_1089430,ONLINE_ONLY
135830017,135830017,Google Pixelbook 12.3", 2-in1 Touchscreen Display, Intel Core i5 Processor, 8GB, 256GB MC Storage, GA00123-US,909.32,842776102287,Electronics/Computers/Laptops/Shop Laptops by Type/All Laptop Computers,1,4.0,3944_3951_1089430,ONLINE_ONLY
520958994,520958994,Microsoft Surface Book 2 - 15" - Intel Core i7 8th Gen - 16GB RAM - 256GB dGPU - GTX 1060 w/ 6GB GDDR5,2199.0,889842247282,Electronics/Computers/Laptops/Shop Laptops by Type/Touchscreen Laptops,0,0.0,3944_3951_1089430,ONLINE_ONLY
250238101,250238101,Microsoft Surface Book 2 - 15" - Intel Core i7 8th Gen - 16GB RAM - 512GB dGPU - GTX 1060 w/ 6GB GDDR5,2599.0,889842247374,Electronics/Computers/Laptops/Shop Laptops by Type/Touchscreen Laptops,1,1.0,3944_3951_1089430,ONLINE_ONLY
296949406,296949406,Microsoft Surface Book 2 - 13.5"- Intel Core i7 8th Gen 16GB RAM - 512GB dGPU - GTX 1050 w/2GB GDDR5,2198.99,889842249071,Electronics/Computers/Laptops/Laptops By Brand/Surface Book,0,0.0,3944_3951_1089430,ONLINE_ONLY
380283706,380283706,Asus VivoBook S510UN-EH76 15.6 inch Intel Core i7-8550U 1.8GHz/ 8GB DDR4/ 1TB HDD + 256GB SSD/ USB3.1/ Windows 10 Ultrabook (Gold),879.89,889349848494,Electronics/Computers/Laptops/Laptops By Brand/Asus Laptops,0,0.0,3944_3951_1089430,ONLINE_ONLY
918043813,918043813,Samsung Notebook 7 Spin NP730QAA - 13.3 FHD Touch - 8Gen i5-8250U - 8GB - 256GB SSD,843.95,887276248875,Electronics/Computers/Laptops/Shop Laptops by Type/All Laptop Computers,4,4.25,3944_3951_1089430,ONLINE_ONLY
597528345,597528345,Lenovo - Yoga 730 2-in-1 15.6" Touch-Screen Laptop - Intel Core i5 - 8GB Memory - 256GB Solid State Drive 81CU000BUS Tablet Notebook Touchscreen PC Computer,1263.99,192330530286,Electronics/Computers/Laptops/Shop Laptops by Type/2-in-1 Laptops,0,0.0,3944_3951_1089430,ONLINE_ONLY
113827730,113827730,Asus ROG Strix Scar 17.3" FHD Gaming Laptop i7-8750H 16GB 128GB 1TB GTX 1050 ti,1299.0,889349993590,Electronics/Computers/Laptops/Shop Laptops by Type/Gaming Laptops,0,0.0,3944_3951_1089430,ONLINE_ONLY
811690514,811690514,Acer Nitro 5 15.6" Laptop Notebook PC Computer AN515-42-R5GT AMD Ryzen 5 8GB AMD Radeon RX 560X 256GB SSD,889.0,191114794623,Electronics/Computers/Laptops/Laptops By Brand/Acer Laptops,0,0.0,3944_3951_1089430,ONLINE_ONLY
788533857,788533857,Apple MacBook Air - 13.3" - Core i5 - 8 GB RAM - 128 GB SSD - English,869.99,190198462930,Electronics/Computers/Laptops/Shop Laptops by Type/Apple Laptops,2,4.5,3944_3951_1089430,ONLINE_ONLY
666586428,666586428,Apple MacBook Air - 13.3" - Core i5 - 8 GB RAM - 256 GB SSD - English,1099.99,190198463029,Electronics/Computers/Laptops/Shop Laptops by Type/All Laptop Computers,0,0.0,3944_3951_1089430,ONLINE_ONLY
754060322,754060322,15-inch MacBook Pro with Touch Bar: 2.9GHz quad-core i7, 512GB - Space Gray,2599.0,190198373977,Electronics/Computers/Laptops/Shop Laptops by Type/Apple Laptops,0,0.0,3944_3951_1089430,ONLINE_ONLY
532160452,532160452,Asus ROG Strix GL503VD-DB74 15.6" Full HD - [256GB SSD + 1TB HDD] - Core i7-7700HQ GTX 1050 Ultrabook Laptop,1017.67,889349814611,Electronics/Computers/Laptops/Shop Laptops by Type/Gaming Laptops,0,0.0,3944_3951_1089430,ONLINE_ONLY
941955133,941955133,Asus ROG Strix GL503VM Core i7-7700HQ 15.6" FHD (1920*1080) GTX 1060 256GB NVMe/PCIE SSD + 1TB SSHD Gaming Laptop,1529.0,889349851913,Electronics/Computers/Laptops/Shop Laptops by Type/Gaming Laptops,0,0.0,3944_3951_1089430,ONLINE_ONLY
107422496,107422496,Microsoft Surface Book 2 - 13.5"- Intel Core i7 8th Gen - 8GB RAM - 256GB SSD dGPU - GTX 1050 w/2GB GDDR5,1699.0,889842248852,Electronics/Computers/Laptops/Shop Laptops by Type/Touchscreen Laptops,0,0.0,3944_3951_1089430,ONLINE_ONLY
695373302,695373302,Dell - Inspiron 17 5000, 17.3-inch FHD, Intel Core i7-8550U, 16GB 2400MHz DDR4, 2 TB 5400 RPM HDD, AMD Radeon 530 Graphics,899.0,884116276708,Electronics/Computers/Laptops/Laptops By Brand/Dell Laptops,6,3.333,3944_3951_1089430,ONLINE_ONLY
170639798,170639798,Microsoft - Surface Book 2 2-in-1 13.5" Touch-Screen Laptop - Intel Core i5 - 8GB Memory - 128GB Solid State Drive - Silver Notebook PC Computer Touchscreen HMU-00001,1249.99,889842283044,Electronics/Computers/Laptops/Shop Laptops by Type/2-in-1 Laptops,0,0.0,3944_3951_1089430,ONLINE_ONLY
295218121,295218121,Dell Inspiron 7573 2-in-1 - Flip design - Core i5 8250U / 1.6 GHz - Win 10 Home 64-bit - 8 GB RAM - 256 GB SSD - 15.6" IPS touchscreen 1920 x 1080 (Full HD) - UHD Graphics 620 - Wi-Fi, Bluetooth - era gray - with 1 Year Dell Mail-In Service,1192.99,884116293132,Electronics/Computers/Laptops/Shop Laptops by Type/2-in-1 Laptops,0,0.0,3944_3951_1089430,ONLINE_ONLY
177386554,177386554,HP ProBook 650 G2 - 15.6" - Core i5 6300U - 8 GB RAM - 500 GB HDD,1161.97,889894967176,Electronics/Computers/Laptops/Shop Laptops by Type/All Laptop Computers,0,0.0,3944_3951_1089430,ONLINE_ONLY
49222717,49222717,Lenovo ThinkPad P50 - 15.6" - Core i7 6700HQ - 8 GB RAM - 500 GB HDD,1391.99,889955802309,Electronics/Computers/Laptops/Shop Laptops by Type/All Laptop Computers,143,4.126,3944_3951_1089430,ONLINE_ONLY
112052853,112052853,HP ProBook 650 G2 - 15.6" - Core i7 6600U - 8 GB RAM - 256 GB SSD,1266.99,889894967213,Electronics/Computers/Laptops/Shop Laptops by Type/All Laptop Computers,0,0.0,3944_3951_1089430,ONLINE_ONLY
171007539,171007539,Lenovo ThinkPad P70 - 17.3" - Core i7 6700HQ - 16 GB RAM - 500 GB HDD,1831.99,190151081857,Electronics/Computers/Laptops/Shop Laptops by Type/All Laptop Computers,0,0.0,3944_3951_1089430,ONLINE_ONLY
52273376,52273376,HP Chromebook 13 G1 - 13.3" - Core m5 6Y57 - 8 GB RAM - 32 GB SSD,1008.96,889899637661,Electronics/Computers/Laptops/Shop Laptops by Type/Google Chromebook,3,4.667,3944_3951_1089430,ONLINE_ONLY
52587613,52587613,HP Chromebook 13 G1 - 13.3" - Core m7 6Y75 - 16 GB RAM - 32 GB SSD,1014.7,889899637685,Electronics/Computers/Laptops/Shop Laptops by Type/Google Chromebook,0,0.0,3944_3951_1089430,ONLINE_ONLY
54392407,54392407,Refurbished Dell Latitude E6420 14" Laptop, Windows 10 Pro, Intel Core i5-2520M Processor, 8GB RAM, 250GB Hard Drive,296.11,812177027465,Electronics/Computers/Laptops/Shop Laptops by Type/All Laptop Computers,0,0.0,3944_3951_1089430,ONLINE_ONLY
131982569,131982569,Refurbished Macbook 5K4M2LL/A 12" Display (256GB) 8GB 1.1GHz Gold(2015),949.99,741807522578,Electronics/Computers/Laptops/Shop Laptops by Type/Refurbished Laptops,0,0.0,3944_3951_1089430,ONLINE_ONLY
959451539,959451539,Wacom MobileStudio Pro 13 - Intel Core i7, 512GB SSD (dthw1320h),2199.95,753218988041,Electronics/iPad & Tablets/All Tablets,0,0.0,3944_1078524_1078084,ONLINE_ONLY
55628620,55628620,Alienware 15.6", Intel Core i7-7700, Nvidia 1060Ti 6GB, 16GB RAM, 1TB HDD + 256GB PCIe SSD, AW15R3-7338SLV,1559.99,884116255338,Electronics/Computers/Laptops/Shop Laptops by Type/Gaming Laptops,15,3.733,3944_3951_1089430,ONLINE_ONLY
785534179,785534179,Lenovo Flex 5 1570 - 15.6" - Core i5 7200U - 8 GB RAM - 256 GB SSD,732.05,191376300921,Electronics/Computers/Laptops/Shop Laptops by Type/Touchscreen Laptops,0,0.0,3944_3951_1089430,ONLINE_ONLY
267848589,267848589,HP ProBook 650 G3 - 15.6" - Core i5 7200U - 4 GB RAM - 500 GB HDD,812.99,190781191001,Electronics/Computers/Laptops/Laptops By Brand/HP Laptops,0,0.0,3944_3951_1089430,ONLINE_ONLY
138816050,138816050,Acer Predator 17.3" 4K Gaming Laptop i7-7820HK 32GB 1TB HD 512GB SSD GTX1080,2959.99,191114064283,Electronics/Computers/Laptops/Shop Laptops by Type/Gaming Laptops,0,0.0,3944_3951_1089430,ONLINE_ONLY
261031759,261031759,Acer Predator 15 15.6" Notebook w/ Intel i7, 16GB RAM, 1TB HDD & 256GB SSD,1699.99,191114036778,Electronics/Computers/Laptops/Shop Laptops by Type/Gaming Laptops,0,0.0,3944_3951_1089430,ONLINE_ONLY
837223094,837223094,Dell 11.6" Chromebook 11 3180 1.6 GHz Intel Celeron N3060 Dual-Core 4GB LPDDR3, 32GB eMMC SSD 11.6" 1366 x 768 LCD Display,268.13,884116261834,Electronics/Computers/Laptops/Shop Laptops by Type/Google Chromebook,1,5.0,3944_3951_1089430,ONLINE_ONLY
233330936,233330936,B9440UA-XS51 I5-7200U 2.5G 8GB 512GB SSD 14IN W10,795.76,889349669747,Electronics/Computers/Laptops/Laptops By Brand/Asus Laptops,0,0.0,3944_3951_1089430,ONLINE_ONLY
55855207,55855207,Refurbished HP ZBook 15 15.6" Laptop, Windows 10 Pro, Intel Core i7-4800MQ Processor, 8GB RAM, 750GB Hard Drive,375.0,825633419513,Electronics/Computers/Laptops/Laptops By Brand/HP Laptops,1,4.0,3944_3951_1089430,ONLINE_ONLY
669425257,669425257,Asus C213SA-YS02-S Dark Grey Chromebook, Celeron N3350, 4GB,348.94,889349725436,Electronics/Computers/Laptops/Shop Laptops by Type/Touchscreen Laptops,0,0.0,3944_3951_1089430,ONLINE_ONLY
496867601,496867601,Asus Zenbook 15.6" FHD Touchscreen Laptop i7-7700HQ 16GB 512GB SSD GTX 1050ti,1699.0,889349783504,Electronics/Computers/Laptops/Shop Laptops by Type/Touchscreen Laptops,0,0.0,["0","3944","3951","1089430","1230091","1101633"],ONLINE_ONLY
748708313,748708313,Dell Chromebook 13 3380 - 13.3" - Celeron 3855U - 4 GB RAM - 32 GB SSD,319.0,884116261995,Electronics/Computers/Laptops/Shop Laptops by Type/Google Chromebook,0,0.0,3944_3951_1089430,ONLINE_ONLY
501100403,501100403,GE73VR Raider-066 i7-7700HQ 2T 16GB GTX1070 17.3" Windows 10 Notebook,2299.0,824142150474,Electronics/Computers/Laptops/Shop Laptops by Type/Gaming Laptops,0,0.0,3944_3951_1089430,ONLINE_ONLY
574609774,574609774,Asus VivoBook 15 X542 X542BA-DH99 15.6" A9-9420 8GB DDR4 1TB HDD - Windows 10 Dark Gray, Silver Notebook,419.99,889349791769,Electronics/Computers/Laptops/Laptops By Brand/Asus Laptops,0,0.0,3944_3951_1089430,ONLINE_ONLY
907190276,907190276,Asus VivoBook Flip TP510UA 15.6" Core i7-8550U 1920 x 1080 Multi-Touch 2-in-1 Notebook,779.99,889349842577,Electronics/Computers/Laptops/Shop Laptops by Type/2-in-1 Laptops,0,0.0,3944_3951_1089430,ONLINE_ONLY
835944046,835944046,Asus ROG STRIX GL702ZC-WB74 17.3" FreeSync with AMD Ryzen 7 1700 & Radeon RX580 4GB Full HD Gaming Laptop,1499.0,889349830208,Electronics/Computers/Laptops/Shop Laptops by Type/Gaming Laptops,0,0.0,3944_3951_1089430,ONLINE_ONLY
124007960,124007960,Acer AN515-51-56U0 15.6" Core i5-7300HQ 8GB DDR4 256GB SSD - Windows 10 Home 1920 x 1080 IPSNotebook,738.0,191114273364,Electronics/Computers/Laptops/Shop Laptops by Type/Gaming Laptops,0,0.0,3944_3951_1089430,ONLINE_ONLY
56208101,56208101,HP 11-AE030NR Snow White 11.6 inch HD Touch Chromebook X360, Chrome/Arc++ OS, Celeron N3350 Processor, 4GB Memory, 16GB eMMC Storage, HD Audio,318.63,191628845316,Electronics/Computers/Laptops/Shop Laptops by Type/All Laptop Computers,1,5.0,3944_3951_1089430,ONLINE_ONLY
315758987,315758987,HP 11-AE010NR Smoke Gray 11.6 inch HD Touch Chromebook X360, Chrome/Arc++ OS, Celeron N3350 Processor, 4GB Memory, 16GB eMMC Storage, HD Audio,336.94,191628834051,Electronics/Computers/Laptops/Shop Laptops by Type/All Laptop Computers,0,0.0,3944_3951_1089430,ONLINE_ONLY
791414546,791414546,Dell Inspiron 15 7577 15.6 inch Gaming Laptop, Intel Core i5-7300HQ, 8GB Memory, 128GB Solid State Drive + 1TB HDD, NVIDIA® GeForce® GTX 1060,947.9,884116276241,Electronics/Computers/Laptops/Shop Laptops by Type/Gaming Laptops,3909,4.194,3944_3951_1089430,ONLINE_AND_STORE
178454652,178454652,Dell Inspiron 13.3" FHD (1920 x 1080) IPS Truelife Touch-Screen Laptop - Intel Core i7-8550U Processor (8MB Cache, up to 4.0 GHz) - 16GB RAM - 512GB SSD - Windows 10 Home,1315.52,884116275749,Electronics/Computers/Laptops/Laptops By Brand/Dell Laptops,947,3.971,3944_3951_1089430,ONLINE_ONLY
259064827,259064827,Dell i5570-7371SLV 15.6" Laptop Intel Core i7 8th Gen 8550U (1.80 GHz) 12 GB DDR4 1 TB HDD Windows 10 Home,1019.99,884116276371,Electronics/Computers/Laptops/Laptops By Brand/Dell Laptops,8822,3.842,3944_3951_1089430,ONLINE_ONLY
877803772,877803772,Lenovo Legion Y920-17IKB Core i7 GTX 1070 1920 X 1080 IPS Laptop,2449.99,191376732432,Electronics/Computers/Laptops/Shop Laptops by Type/Gaming Laptops,18,4.611,3944_3951_1089430,ONLINE_ONLY
425187983,425187983,Asus VivoBook S15 S510UA-DS71 15.6" Laptop i7-8550U 8GB 1TB HDD 128GB SSD W10,849.99,889349896570,Electronics/Computers/Laptops/Shop Laptops by Type/Touchscreen Laptops,0,0.0,3944_3951_1089430,ONLINE_ONLY
869678900,869678900,MSI GL72M 7RDX 17.3" Gaming Laptop i7-7700HQ 16GB 128GB SSD 1TB GTX 1050,1117.71,824142153703,Electronics/Computers/Laptops/Shop Laptops by Type/Gaming Laptops,1,5.0,3944_3951_1089430,ONLINE_ONLY
455199933,455199933,Acer Laptop Intel Celeron 1.60 GHz 2 GB Ram 16GB SSD Chrome OS | Manufacturer Refurbished,180.49,841631122903,Electronics/Computers/Laptops/Shop Laptops by Type/Google Chromebook,0,0.0,3944_3951_1089430,ONLINE_ONLY
873760151,873760151,Acer 13.3" Intel Core i5 1.6GHz 8GB Ram 256GB SSD Windows 10H |SP513-52N-552K | Manufacturer Refurbished,596.99,841631121906,Electronics/Computers/Laptops/Shop Laptops by Type/Refurbished Laptops,0,0.0,3944_3951_1089430,ONLINE_ONLY
662269129,662269129,Acer Swift 3 14" Intel Core i5 1.60GHz 8GB Ram 256GB SSD Win10Home | Manufacturer Refurbished,722.1,841631121371,Electronics/Computers/Laptops/Shop Laptops by Type/Refurbished Laptops,0,0.0,3944_3951_1089430,ONLINE_ONLY
859534813,859534813,Acer 17.3" Intel Core i7 2.8 GHz 16 GB Ram 1 TB HDD + 256 GB SSD Windows 10 Home | Manufacturer Refurbished,1405.94,841631118784,Electronics/Computers/Laptops/Shop Laptops by Type/Gaming Laptops,0,0.0,3944_3951_1089430,ONLINE_ONLY
625571707,625571707,Asus VivoBook Flip 14 14" FHD Touchscreen Laptop i7-8550U 8GB 1TB Win10,799.0,889349932636,Electronics/Computers/Laptops/Laptops By Brand/Asus Laptops,0,0.0,3944_3951_1089430,ONLINE_ONLY
173098067,173098067,Acer Aspire 5 A515-51-596K 15.6" LCD Notebook - Intel Core i5 (8th Gen) i5-8250U Quad-core (4 Core) 1.60 GHz - 8 GB DDR4 SDRAM - 256 GB SSD - Windows 10 Home 64-bit - 1920 x 1080 - ComfyView - Ob,602.99,191114485613,Electronics/Computers/Laptops/Laptops By Brand/Acer Laptops,0,0.0,3944_3951_1089430,ONLINE_ONLY
683584336,683584336,HP 14-CA040NR Chalkboard Gray 14 inch Full HD IPS Chromebook, Chrome OS, Celeron N3350 DC Processor, 4GB Memory, 32GB eMMC Storage, UMA graphics, B&O Play,249.99,192018721944,Electronics/Computers/Laptops/Shop Laptops by Type/All Laptop Computers,0,0.0,3944_3951_1089430,ONLINE_ONLY
881871594,881871594,HP Omen X 17-AP020Nr 17.3 inch FHD IPS Shadow Mesh Gaming Laptop, Core i7-7820HK QC Processor, 16GB Memory, 1TB Hard Drive = 256 GB SSD. DSC GTX 1080 8GB Garphics, Backlit,2299.99,192018001305,Electronics/Computers/Laptops/Shop Laptops by Type/Gaming Laptops,0,0.0,3944_3951_1089430,ONLINE_ONLY
573829208,573829208,Dell XPS 13 13-9370 13.3" 4K Touchscreen Laptop i7-8550U 16GB 512GB SSD W10H,1599.0,884116277392,Electronics/Computers/Laptops/Shop Laptops by Type/Touchscreen Laptops,0,0.0,3944_3951_1089430,ONLINE_ONLY
133519803,133519803,Lenovo IdeaPad 330-17AST 17.3 Inch LCD Notebook - AMD A-Series A6-9225 Dual-core (2 Core) 2.60 GHz - 4 GB DDR4 SDRAM - 1 TB HDD - Windows 10 Home,454.98,192330691888,Electronics/Computers/Laptops/Laptops By Brand/Lenovo Laptops,0,0.0,3944_3951_1089430,ONLINE_ONLY
762560147,762560147,Lenovo - Legion Y530 15.6" Laptop - Intel Core i7 - 16GB Memory - NVIDIA GeForce GTX 1050 Ti - 1TB Hard Drive - Black 81FV0002US Notebook PC Computer Gaming,1299.99,192330691857,Electronics/Computers/Laptops/Laptops By Brand/Lenovo Laptops,0,0.0,3944_3951_1089430,ONLINE_ONLY
121987411,121987411,ASUS VivoBook 14" FullHD Laptop AMD A9-9420 Radeon R5 8GB 256GB SSD Win10,469.99,889349917176,Electronics/Computers/Laptops/Laptops By Brand/Asus Laptops,0,0.0,3944_3951_1089430,ONLINE_ONLY
638286607,638286607,ASUS Zenbook Flip 14 14" Touchscreen Laptop i7-8550U 16GB 512GB SSD MX150 Win10,1295.0,889349956298,Electronics/Computers/Laptops/Shop Laptops by Type/Touchscreen Laptops,0,0.0,3944_3951_1089430,ONLINE_ONLY
920115181,920115181,Dell - Inspiron 17 5000, 17.3-inch FHD, Intel Core i7-8550U, 8GB 2400MHz DDR4, 2TB 5400 RPM HDD, Intel UHD Graphics 620 - i5770-7293SLV,939.46,884116277293,Electronics/Computers/Laptops/Laptops By Brand/Dell Laptops,1779,3.957,3944_3951_1089430,ONLINE_ONLY
372167726,372167726,MSI GS73 Stealth-012 Core i7-8750H 2.6GHz 16GB 2TB+256GB 17.3" Windows 10 Pro,2107.01,824142160565,Electronics/Computers/Laptops/Shop Laptops by Type/Gaming Laptops,0,0.0,3944_3951_1089430,ONLINE_ONLY
201069437,201069437,HP 17-BY0020NR Jet Black, 17.3 inch Touch Laptop, Windows 10, Core i3-7020U DC Processor, 8GB Memory, 1TB Hard Drive, UMA Graphics, DVD,559.99,192545210690,Electronics/Computers/Laptops/Laptops By Brand/HP Laptops,0,0.0,3944_3951_1089430,ONLINE_ONLY
126455629,126455629,HP 14-CM0010NR Jet Black 14 inch Laptop, Windows 10, E2-9000e QC Processor, 4GB Memory, 500 GB Hard Drive,  UMA Graphics,  HD Audio,249.99,192545207768,Electronics/Computers/Laptops/Laptops By Brand/HP Laptops,0,0.0,3944_3951_1089430,ONLINE_ONLY
728530308,728530308,HP 17-BY0055NR Smoke Gray 17.3 inch Laptop, Windows 10, Pentium N5000 QC Processor, 8GB Memory, 1TB Hard Drive, UMA Graphics, DVD, HD Audio,488.68,192545348270,Electronics/Computers/Laptops/Laptops By Brand/HP Laptops,0,0.0,3944_3951_1089430,ONLINE_ONLY
491288981,491288981,HP Envy 17-AE110NR Natural Silver 17.3 inch Touch Laptop, Windows 10, Core i7-8550U QC Processor, 12GB Memory, 1TB Hard Drive, DSC MX150 4GB Graphics, DVD, Backlit, Bang & Olufsen,1129.99,192545207973,Electronics/Computers/Laptops/Laptops By Brand/HP Laptops,0,0.0,3944_3951_1089430,ONLINE_ONLY
838579313,838579313,HP Pavilion 15-CU0071NR Mineral Silver 15.6 inch Touch Laptop, Windows 10, Core i3-8130U DC Processor, 8GB Memory, 1TB Hard Drive, UMA Graphics, DVD, B&O Play,559.99,192545191920,Electronics/Computers/Laptops/Laptops By Brand/HP Laptops,0,0.0,3944_3951_1089430,ONLINE_ONLY
486905649,486905649,LG gram 13.3" Intel 8th Gen i5-8250U Ultra-Slim Laptop - 13Z980-U.AAW5U1,996.99,719192618893,Electronics/Computers/Laptops/Shop Laptops by Type/All Laptop Computers,0,0.0,3944_3951_1089430,ONLINE_ONLY
44508345,44508345,Acer Chromebook C910-54M1 - 15.6" - Core i5 5200U - 4 GB RAM - 32 GB SSD - US,507.87,888863096855,Electronics/Computers/Laptops/Shop Laptops by Type/All Laptop Computers,0,0.0,3944_3951_1089430,ONLINE_ONLY
101008347,101008347,HP EliteBook 840 G3 - 14" - Core i5 6300U - 8 GB RAM - 500 GB HDD,1152.99,889894869227,Electronics/Computers/Laptops/Shop Laptops by Type/All Laptop Computers,0,0.0,3944_3951_1089430,ONLINE_ONLY
50172804,50172804,HP EliteBook 850 G3 - 15.6" - Core i5 6200U - 8 GB RAM - 256 GB SSD,1439.99,889894869524,Electronics/Computers/Laptops/Shop Laptops by Type/All Laptop Computers,0,0.0,3944_3951_1089430,ONLINE_ONLY
122545891,122545891,HP EliteBook 850 G3 - 15.6" - Core i5 6200U - 4 GB RAM - 500 GB HDD,1196.21,889894869449,Electronics/Computers/Laptops/Shop Laptops by Type/All Laptop Computers,0,0.0,3944_3951_1089430,ONLINE_ONLY
52467867,52467867,Acer Chromebook 14 for Work CP5-471-35T4 - 14" - Core i3 6100U - 4 GB RAM - 32 GB SSD - US,409.8,888863679393,Electronics/Computers/Laptops/Shop Laptops by Type/Google Chromebook,1,5.0,3944_3951_1089430,ONLINE_ONLY
49913050,49913050,HP EliteBook 820 G3 - 12.5" - Core i5 6200U - 4 GB RAM - 500 GB HDD,879.95,889894862990,Electronics/Computers/Laptops/Shop Laptops by Type/All Laptop Computers,0,0.0,3944_3951_1089430,ONLINE_ONLY
54392434,54392434,Refurbished HP EliteBook 8460P 14" Laptop, Windows 10 Pro, Intel Core i5-2520M Processor, 4GB RAM, 500GB Hard Drive,245.0,812177027625,Electronics/Computers/Laptops/Shop Laptops by Type/Refurbished Laptops,1,5.0,3944_3951_1089430,ONLINE_ONLY
54392404,54392404,Refurbished Dell Latitude E6430 14.1" Laptop, Windows 10 Pro, Intel Core i5-3320M Processor, 4GB RAM, 128GB Solid State Drive,270.0,812177027397,Electronics/Computers/Laptops/Shop Laptops by Type/All Laptop Computers,0,0.0,3944_3951_1089430,ONLINE_ONLY
54392401,54392401,Refurbished Dell Latitude E6420 14" Laptop, Windows 10 Pro, Intel Core i5-2520M Processor, 4GB RAM, 128GB Solid State Drive,245.0,812177027458,Electronics/Computers/Laptops/Shop Laptops by Type/All Laptop Computers,0,0.0,3944_3951_1089430,ONLINE_ONLY
54392408,54392408,Certified Refurbished Dell Latitude E6430 14.1" Laptop, Windows 10 Pro, Intel Core i5-3320M Processor, 4GB RAM, 500GB Hard Drive,270.0,812177027380,Electronics/Electronics Certified Refurbished/Laptops - Certified Refurbished,0,0.0,3944_3096707_9898521,ONLINE_ONLY
54392432,54392432,Refurbished HP EliteBook 8460P 14" Laptop, Windows 10 Pro, Intel Core i5-2520M Processor, 4GB RAM, 320GB Hard Drive,282.82,812177027618,Electronics/Computers/Laptops/Shop Laptops by Type/Refurbished Laptops,0,0.0,3944_3951_1089430,ONLINE_ONLY
52467864,52467864,S5-371-3164 I3-6100U 2.3G 4GB 128GB SSD 13.3IN 11AC BT4.0 W10H,557.18,888863750108,Electronics/Computers/Laptops/Shop Laptops by Type/All Laptop Computers,0,0.0,3944_3951_1089430,ONLINE_ONLY
55009825,55009825,Acer Chromebook R 13 CB5-312T-K0YQ - 13.3" - MT8173 - 4 GB RAM - 64 GB SSD - US,369.88,888863868551,Electronics/Computers/Laptops/Shop Laptops by Type/Touchscreen Laptops,0,0.0,3944_3951_1089430,ONLINE_ONLY
646971712,646971712,"Acer TravelMate TMP249-M-31A9 Windows Notebook",466.16,888863968732,Electronics/Computers/Laptops/Laptops By Brand/Acer Laptops,0,0.0,3944_3951_1089430,ONLINE_ONLY
442244036,442244036,Dell Latitude 5480 - 14" - Core i7 7820HQ - 8 GB RAM - 500 GB HDD,1362.99,884116260530,Electronics/Computers/Laptops/Laptops By Brand/Dell Laptops,0,0.0,3944_3951_1089430,ONLINE_ONLY
819483831,819483831,Dell Latitude 5580 - 15.6" - Core i5 7300U - 8 GB RAM - 500 GB HDD,920.49,884116260196,Electronics/Computers/Laptops/Laptops By Brand/Dell Laptops,0,0.0,3944_3951_1089430,ONLINE_ONLY
486863539,486863539,Dell Latitude 7280 - 12.5" - Core i5 7300U - 4 GB RAM - 128 GB SSD,929.99,884116260059,Electronics/Computers/Laptops/Laptops By Brand/Dell Laptops,0,0.0,3944_3951_1089430,ONLINE_ONLY
467762336,467762336,Dell Latitude 7480 - 14" - Core i5 7300U - 4 GB RAM - 128 GB SSD,1125.17,884116260271,Electronics/Computers/Laptops/Laptops By Brand/Dell Laptops,0,0.0,3944_3951_1089430,ONLINE_ONLY
698732779,698732779,Dell Latitude 5480 - 14" - Core i5 7440HQ - 8 GB RAM - 256 GB SSD,1408.92,884116260523,Electronics/Computers/Laptops/Laptops By Brand/Dell Laptops,0,0.0,3944_3951_1089430,ONLINE_ONLY
55605369,55605369,Dell Alienware 17 R4 17.3" Laptop, Windows 10 Home, Intel Core i7-7700HQ Quad-Core Processor, 8GB RAM, 256GB Solid State Drive,1577.82,884116254720,Electronics/Computers/Laptops/Shop Laptops by Type/All Laptop Computers,0,0.0,3944_3951_1089430,ONLINE_ONLY
232448001,232448001,Lenovo 320S-15IKB - 15.6" - Core i5 7200U - 8 GB RAM - 1 TB HDD,756.99,191376111589,Electronics/Computers/Laptops/Laptops By Brand/Lenovo Laptops,0,0.0,3944_3951_1089430,ONLINE_ONLY
998738377,998738377,Dell Chromebook 11 3189,360.18,884116261803,Electronics/Computers/Laptops/Shop Laptops by Type/Touchscreen Laptops,1,5.0,3944_3951_1089430,ONLINE_ONLY
403380836,403380836,HP EliteBook 840 G4 - 14" - Core i5 7200U - 8 GB RAM - 256 GB SSD - US,1200.44,190781383086,Electronics/Computers/Laptops/Laptops By Brand/HP Laptops,0,0.0,3944_3951_1089430,ONLINE_ONLY
192211792,192211792,CHROMEBOOK 3180 11.6IN NON TCH CELERON N3060 2GB 16GB 1YR MI,228.08,884116261810,Electronics/Computers/Laptops/Shop Laptops by Type/Google Chromebook,0,0.0,3944_3951_1089430,ONLINE_ONLY
713287745,713287745,Dell Latitude 3580, 15.6" HD Laptop Intel Core i3-7100U, 4GB DDR4, 500GB Hard Drive, Windows 10 Pro,514.16,884116258452,Electronics/Computers/Laptops/Shop Laptops by Type/Refurbished Laptops,0,0.0,3944_3951_1089430,ONLINE_ONLY
55245833,55245833,Acer TravelMate X349-M-5375 - 14" - Core i5 6200U - 8 GB RAM - 256 GB SSD - US International,807.41,888863930524,Electronics/Computers/Laptops/Shop Laptops by Type/All Laptop Computers,0,0.0,3944_3951_1089430,ONLINE_ONLY
400292043,400292043,HP ProBook 650 G3 - 15.6" - Core i5 7200U - 8 GB RAM - 256 GB SSD,1003.43,190781170396,Electronics/Computers/Laptops/Laptops By Brand/HP Laptops,0,0.0,3944_3951_1089430,ONLINE_ONLY
284757167,284757167,Dell 13 3380 Chromebook with Intel Celeron 3855U, 4GB 16GB SSD,438.99,884116261988,Electronics/Computers/Laptops/Shop Laptops by Type/Touchscreen Laptops,0,0.0,3944_3951_1089430,ONLINE_ONLY
210576091,210576091,Lenovo ThinkPad T570 - 15.6" - Core i5 7300U - 8 GB RAM - 256 GB SSD,1555.97,191200426940,Electronics/Computers/Laptops/Shop Laptops by Type/Touchscreen Laptops,0,0.0,3944_3951_1089430,ONLINE_ONLY
652869152,652869152,Lenovo ThinkPad T470s 14" Notebook w/ Intel i7-6600U, 8GB RAM & 256GB SSD,1600.65,191376693733,Electronics/Computers/Laptops/Laptops By Brand/Lenovo Laptops,0,0.0,3944_3951_1089430,ONLINE_ONLY
154257284,154257284,Lenovo ThinkPad T470 - 14" - Core i5 6200U - 4 GB RAM - 500 GB HDD,739.99,191376694655,Electronics/Computers/Laptops/Laptops By Brand/Lenovo Laptops,1,5.0,3944_3951_1089430,ONLINE_ONLY
653471165,653471165,Dell 11.6" Chromebook 11 3189 64GB Multi-Touch 4GB of LPDDR3 RAM, 64GB eMMC SSD 11.6" 1366 x 768 IPS,399.16,884116261780,Electronics/Computers/Laptops/Shop Laptops by Type/Google Chromebook,0,0.0,3944_3951_1089430,ONLINE_ONLY
420540648,420540648,Acer Spin 5 SP513-51-34UA - 13.3" - Core i3 6006U - 4 GB RAM - 128 GB SSD - US International,482.4,191114046494,Electronics/Computers/Laptops/Shop Laptops by Type/Touchscreen Laptops,0,0.0,3944_3951_1089430,ONLINE_ONLY
699065778,699065778,Manufacturer Refurbished Acer Spin SP315-51-757C 15.6" Intel Core i7-7500U 2.70 GHz 12 GB Ram 1 TB HDD Windows 10 Home,539.86,841631116179,Electronics/Computers/Laptops/Shop Laptops by Type/All Laptop Computers,0,0.0,3944_3951_1089430,ONLINE_ONLY
479153311,479153311,Manufacturer Refurbished Acer Aspire S5-371T-78TA Ultrabook 13.3" Intel Core i7-7500U 2.7 GHz 8GB Ram 256GB SSD Windows 10 Home,785.35,841631114908,Electronics/Computers/Laptops/Shop Laptops by Type/Ultrabooks,0,0.0,3944_3951_1089430,ONLINE_ONLY
222423245,222423245,Lenovo ThinkPad Yoga 370 - 13.3" - Core i7 7500U - 8 GB RAM - 256 GB SSD,1898.9,191376293445,Electronics/Computers/Laptops/Shop Laptops by Type/2-in-1 Laptops,0,0.0,3944_3951_1089430,ONLINE_ONLY
989218540,989218540,Acer Chromebook 15 CB3-532-C42P - 15.6" - Celeron N3060 - 4 GB RAM - 16 GB SSD - US,254.15,191114181003,Electronics/Computers/Laptops/Shop Laptops by Type/Google Chromebook,0,0.0,3944_3951_1089430,ONLINE_ONLY
52385832,52385832,Acer TravelMate P648-M-59KW - 14" - Core i5 6200U - 8 GB RAM - 256 GB SSD - US International,1143.42,888863610167,Electronics/Computers/Laptops/Shop Laptops by Type/All Laptop Computers,0,0.0,3944_3951_1089430,ONLINE_ONLY
237959240,237959240,HP EliteBook 850 G4 - 15.6" - Core i5 7200U - 8 GB RAM - 256 GB SSD,1219.05,190781385578,Electronics/Computers/Laptops/Laptops By Brand/HP Laptops,0,0.0,3944_3951_1089430,ONLINE_ONLY
900672161,900672161,MSI GE63 Raider-008 15.6" Gaming Laptop Intel i7-7700HQ 16GB 1TB SSD GTX 1050,1699.0,824142150597,Electronics/Computers/Laptops/Shop Laptops by Type/Gaming Laptops,0,0.0,3944_3951_1089430,ONLINE_ONLY
52385839,52385839,Acer TravelMate P658-MG-749P - 15.6" - Core i7 6500U - 8 GB RAM - 256 GB SSD - US International,1218.59,888863691333,Electronics/Computers/Laptops/Shop Laptops by Type/All Laptop Computers,0,0.0,3944_3951_1089430,ONLINE_ONLY
672118546,672118546,Acer Nitro 5, 7th Gen Intel Core i5-7300HQ, GeForce GTX 1050 Ti Graphics, 16GB DDR4, 256GB SSD, Windows 10 Home, AN515-51-504A,829.0,191114331613,Electronics/Computers/Laptops/Laptops By Brand/Acer Laptops,15,4.667,3944_3951_1089430,ONLINE_ONLY
523716410,523716410,Acer Spin 1 Sp111-32n-p4c0 11.6" Touchscreen Lcd 2 In 1 Notebook - Intel Pentium N4200 Quad-core [4 Core] 1.10 Ghz - 4 Gb Ddr3l Sdram - 64 Gb Flash Memory - Windows 10 Home 64-bit - (nx-grmaa-006),477.15,191114485675,Electronics/Computers/Laptops/Shop Laptops by Type/2-in-1 Laptops,0,0.0,3944_3951_1089430,ONLINE_ONLY
751206055,751206055,Acer Spin 5 SP513-52N-5621 - 13.3" - Core i5 8250U - 8 GB RAM - 256 GB SSD Touch Screen Convertable Notebook,753.04,191114433652,Electronics/Computers/Laptops/Shop Laptops by Type/Touchscreen Laptops,0,0.0,3944_3951_1089430,ONLINE_ONLY
359116586,359116586,Dell Inspiron 15.6" Gaming Laptop, Intel Core i7 i7-7700HQ, Nvidia GeForce GTX 1060 6GB GPU, 16GB RAM, 1TB HD + 128GB SSD Storage, i7577-7425BLK-PUS,1403.99,884116276425,Electronics/Computers/Laptops/Shop Laptops by Type/Gaming Laptops,3900,4.193,3944_3951_1089430,ONLINE_ONLY
780907419,780907419,MSI PL62001 Pl62 7rc-001,748.0,824142148051,Electronics/Computers/Laptops/Shop Laptops by Type/Gaming Laptops,0,0.0,3944_3951_1089430,ONLINE_ONLY
892197507,892197507,Acer TravelMate Spin B1 B118-RN-C8JP - 11.6" - Celeron N3450 - 4 GB RAM - 64 GB SSD - US International,340.76,191114383971,Electronics/Computers/Laptops/Laptops By Brand/Acer Laptops,0,0.0,3944_3951_1089430,ONLINE_ONLY
148874388,148874388,HP Omen X 17-AP010Nr 17.3 inch FHD IPS Shadowe Mesh Gaming Laptop, Core i7-7700HQ QC Processor, 16GB Memory, 1TB Hard Drive = 256 GB SSD. DSC GTX 1070 8GB Garphics, Backlit,1909.0,192018001282,Electronics/Computers/Laptops/Shop Laptops by Type/Gaming Laptops,0,0.0,3944_3951_1089430,ONLINE_ONLY
372772399,372772399,LATITUDE 7380 I5-7200U 2.5G 8GB 256GB SATA 13.3" NON-TOUCH Notebook,1479.99,884116280125,Electronics/Computers/Laptops/Laptops By Brand/Dell Laptops,0,0.0,3944_3951_1089430,ONLINE_ONLY
357866229,357866229,LATITUDE 7389 2-in-1 I7-7600U 256GB SS FHD 1920X1080 W8265 Windows 10 Touchscreen Notebook,1790.08,884116280545,Electronics/Computers/Laptops/Laptops By Brand/Dell Laptops,0,0.0,3944_3951_1089430,ONLINE_ONLY
763218285,763218285,Chromebook 11 3180 N3060 4 GB 16 GB 11.6" Chrome OS Touchscreen Notebook,319.76,884116280910,Electronics/Computers/Laptops/Shop Laptops by Type/Google Chromebook,0,0.0,3944_3951_1089430,ONLINE_ONLY
647213149,647213149,Precision 3520 i5-7440HQ 8 GB 500 GB 15.6" Windows 10 Pro Notebook,1252.14,884116281191,Electronics/Computers/Laptops/Laptops By Brand/Dell Laptops,0,0.0,3944_3951_1089430,ONLINE_ONLY
756781818,756781818,Precision 7520 i7-7820HQ 16 GB 512 GB 15.6" Windows 10 Pro Notebook,1889.42,884116280989,Electronics/Computers/Laptops/Laptops By Brand/Dell Laptops,0,0.0,3944_3951_1089430,ONLINE_ONLY
126317662,126317662,Asus ZenBook 3 Deluxe UX490 UX490UA-XH74-BL 14" Core i7-8550U Quad-core (4 Core) 1.8GHz - 16GB LPDDR3 512GB SSD Windows 10 Pro1920 x 1080 Royal Blue, Golden Notebook,1607.64,889349835760,Electronics/Computers/Laptops/Laptops By Brand/Asus Laptops,0,0.0,3944_3951_1089430,ONLINE_ONLY
747316155,747316155,Dell Inspiron 7370 - i5-8250U - 13.3" - 8GB RAM - 256GB SSD - Win 10 Laptop,825.0,884116275732,Electronics/Computers/Laptops/Laptops By Brand/Dell Laptops,944,3.968,3944_3951_1089430,ONLINE_ONLY
919947617,919947617,Acer 11.6" Spin 11 Intel Celeron 1.10GHz 4GB Ram 32GB Flash ChromeOS | Manufacturer Refurbished,324.54,841631120749,Electronics/Computers/Laptops/Shop Laptops by Type/Touchscreen Laptops,0,0.0,3944_3951_1089430,ONLINE_ONLY
155153050,155153050,HP ProBook 450 G5 15.6" Laptop Intel Core i5-8250U Quad-Core 4GB 500GB Win10 Pro,613.99,191628931521,Electronics/Computers/Laptops/Laptops By Brand/HP Laptops,0,0.0,3944_3951_1089430,ONLINE_ONLY
838099939,838099939,Aspire A315-31-C06Z - Celeron N3450 - 4GB 1TB - Windows 10 Home - Notebook,341.29,191114456880,Electronics/Computers/Laptops/Laptops By Brand/Acer Laptops,0,0.0,3944_3951_1089430,ONLINE_ONLY
827015238,827015238,HP ProBook 450 G5 15.6" Laptop Core i3 i3-6006U 4GB 500GB HD Win10 Pro,584.54,191628931514,Electronics/Computers/Laptops/Laptops By Brand/HP Laptops,0,0.0,3944_3951_1089430,ONLINE_ONLY
797912570,797912570,ThinkPad A275 PRO A12-9800B 8 GB 500 GB 12.5" Windows 10 Pro Notebook,779.27,191999592161,Electronics/Computers/Laptops/Laptops By Brand/Lenovo Laptops,4,4.0,3944_3951_1089430,ONLINE_ONLY
482841145,482841145,Acer Aspire 5 Notebook with Intel i5-8250U, 8GB 1TB HDD 256GB SSD,697.39,191114515051,Electronics/Computers/Laptops/Laptops By Brand/Acer Laptops,1,5.0,3944_3951_1089430,ONLINE_ONLY
213168916,213168916,Lenovo IdeaPad 320s-15IKBR 15 inch Core i7 8GB 256GB M.2 SSD IPS 1920 x 1080 Laptop,1433.99,191999394703,Electronics/Computers/Laptops/Laptops By Brand/Lenovo Laptops,0,0.0,3944_3951_1089430,ONLINE_ONLY
928457764,928457764,Lenovo Legion Y520-15IKBN 80WK001LUS 15.6" LCD Gaming Notebook - Intel Core i5 (7th Gen) i5-7300HQ Quad-core (4 Core) 2.5GHz - 8GB DDR4 SDRAM - 1TB HDD - Windows 10 Home,947.79,191200479519,Electronics/Computers/Laptops/Shop Laptops by Type/Gaming Laptops,191,4.55,3944_3951_1089430,ONLINE_ONLY
719943578,719943578,Acer Aspire 5 Notebook with Intel i5-8250U, 8GB 1TB HDD,558.12,191114515204,Electronics/Computers/Laptops/Laptops By Brand/Acer Laptops,0,0.0,3944_3951_1089430,ONLINE_ONLY
320377774,320377774,Acer Aspire A315-31-C58L Notebook,291.08,191114379905,Electronics/Computers/Laptops/Laptops By Brand/Acer Laptops,0,0.0,3944_3951_1089430,ONLINE_ONLY
361703059,361703059,HP Elitebook 1040 G4 14" FullHD Laptop i7-7500U 8GB 256GB SSD Win10 Pro,1563.99,192018058484,Electronics/Computers/Laptops/Laptops By Brand/HP Laptops,0,0.0,3944_3951_1089430,ONLINE_ONLY
587612587,587612587,HP EliteBook 725 G3 with AMD A10-8700B, 8GB 256GB SSD,815.66,190781837275,Electronics/Computers/Desktop Computers/Desktops By Brand/HP Desktop Computers,0,0.0,3944_3951_132982,ONLINE_ONLY
868274652,868274652,Acer Aspire 5 A517-51-33Q4 17.3" 1600x900 Laptop i3-6006U 8GB 1TB Win10,506.18,191114476277,Electronics/Computers/Laptops/Laptops By Brand/Acer Laptops,0,0.0,3944_3951_1089430,ONLINE_ONLY
259562819,259562819,Acer Swift 5 SF514-52T SF514-52T-82WQ 14" Intel Core i7 i7-8550U 16GB 512GB SSD - Windows 10 Home 1920 x 1080 IPS-Pro Ultrabook,1273.29,191114450635,Electronics/Computers/Laptops/Shop Laptops by Type/Ultrabooks,0,0.0,3944_3951_1089430,ONLINE_ONLY
262681648,262681648,ASUS VivoBook Flip 14 14" 2-in-1 Laptop Intel Core m3-7Y30 4GB 64GB eMMC Win10,419.0,889349904848,Electronics/Computers/Laptops/Shop Laptops by Type/2-in-1 Laptops,0,0.0,3944_3951_1089430,ONLINE_ONLY
635709241,635709241,Acer C738T-C7KD 11.6" Touchscreen Chromebook Intel N3060 4GB 32GB Flash ChromeOS,294.86,191114094785,Electronics/Computers/Laptops/Shop Laptops by Type/Touchscreen Laptops,0,0.0,3944_3951_1089430,ONLINE_ONLY
643560184,643560184,Acer 12" Notebook Intel i5-7200U 2.5 GHz 8GB Ram 256 SSD Windows 10 Home | Manufacturer Refurbished,596.99,841631121036,Electronics/Computers/Laptops/Shop Laptops by Type/Refurbished Laptops,0,0.0,3944_3951_1089430,ONLINE_ONLY
224317115,224317115,Asus VivoBook Pro 15 15.6" 4K Touch Laptop i7-7700HQ 16GB 256GB SSD 1TB GTX 1050,1398.0,889349859827,Electronics/Computers/Laptops/Shop Laptops by Type/Touchscreen Laptops,0,0.0,3944_3951_1089430,ONLINE_ONLY
533217896,533217896,Asus VivoBook Flip 14 TP410 14" Touchscreen Notebook i5-8250U 8GB 1TB HHD W10,769.0,889349932629,Electronics/Computers/Laptops/Shop Laptops by Type/Touchscreen Laptops,0,0.0,3944_3951_1089430,ONLINE_ONLY
811230593,811230593,Lenovo ThinkPad E480 20KN003XUS 14" Laptop i5-8250U 8GB 256GB SSD Windows 10 Pro,835.21,192158696614,Electronics/Computers/Laptops/Laptops By Brand/Lenovo Laptops,0,0.0,3944_3951_1089430,ONLINE_ONLY
461055853,461055853,Lenovo IdeaPad 530S-14IKB 14 Inch LCD Notebook - Intel Core i3 (8th Gen) i5-8250U Dual-core 1.60 GHz - 8 GB DDR4 SDRAM - 128 GB SSD - Windows 10 Home,769.65,192330715959,Electronics/Computers/Laptops/Laptops By Brand/Lenovo Laptops,0,0.0,3944_3951_1089430,ONLINE_ONLY
403475790,403475790,Lenovo Legion Y520 15.6 Inch LCD Gaming Laptop - Intel Core i7 (7th Gen) i7-7700HQ Quad-core (4 Core) 2.80 GHz - 8 GB DDR4 SDRAM - 1 TB HDD- Windows 10 Home,1112.0,192330691864,Electronics/Computers/Laptops/Laptops By Brand/Lenovo Laptops,0,0.0,3944_3951_1089430,ONLINE_ONLY
764123532,764123532,Lenovo IdeaPad 330-15ARR 15.6 Inch LCD Notebook - AMD Ryzen 5 2500U Quad-core (4 Core) 2 GHz - 8 GB DDR4 SDRAM - 1 TB HDD - Windows 10 Home,592.95,192330691956,Electronics/Computers/Laptops/Laptops By Brand/Lenovo Laptops,0,0.0,3944_3951_1089430,ONLINE_ONLY
567908261,567908261,Lenovo IdeaPad 330-17ICH 17.3 Inch LCD Notebook - Intel Core i7 (8th Gen) i7-8750H 2.20 GHz - 16 GB DDR4 SDRAM - 1 TB HDD - Windows 10 Home,1125.94,192330705882,Electronics/Computers/Laptops/Laptops By Brand/Lenovo Laptops,0,0.0,3944_3951_1089430,ONLINE_ONLY
953786358,953786358,Lenovo IdeaPad 530S-14IKB 14 Inch LCD Notebook - Intel Core i5 (8th Gen) i5-8250U Quad-core (4 Core) 1.60 GHz - 8 GB DDR4 SDRAM - 256 GB SSD - Windows 10 Home,913.07,192330715935,Electronics/Computers/Laptops/Laptops By Brand/Lenovo Laptops,0,0.0,3944_3951_1089430,ONLINE_ONLY
171651893,171651893,Lenovo Flex 6 Intel Core i5 8th Gen 8250U (1.60 GHz) 8 GB Memory 256 GB PCIe SSD 14" Touchscreen Convertible 2-in-1 Laptop Windows 10 Home,962.39,192330716888,Electronics/Computers/Laptops/Shop Laptops by Type/Touchscreen Laptops,0,0.0,3944_3951_1089430,ONLINE_ONLY
843878675,843878675,Lenovo Flex 6 Intel Core i7 8th Gen 8550U (1.80 GHz) 16 GB Memory 512 GB PCIe SSD 14" Touchscreen Convertible 2-in-1 Laptop Windows 10 Home,1322.89,192330716901,Electronics/Computers/Laptops/Laptops By Brand/Lenovo Laptops,0,0.0,3944_3951_1089430,ONLINE_ONLY
454214055,454214055,Lenovo IdeaPad 530S-14IKB 14 Inch LCD Notebook - Intel Core i7 (8th Gen) i7-8550U Quad-core (4 Core) 1.80 GHz - 8 GB DDR4 SDRAM - 256 GB SSD - Windows 10 Home,1189.57,192330716123,Electronics/Computers/Laptops/Laptops By Brand/Lenovo Laptops,0,0.0,3944_3951_1089430,ONLINE_ONLY
787871473,787871473,Lenovo IdeaPad Flex 5-1570 81CA000TUS 15.6" LCD 2 in 1 Notebook - Intel Core i5 (8th Gen) i5-8250U Quad-core (4 Core) 1.6GHz - 8GB DDR4 SDRAM - 256GB SSD - Windows 10 Home,920.17,192330716895,Electronics/Computers/Laptops/Shop Laptops by Type/Touchscreen Laptops,0,0.0,3944_3951_1089430,ONLINE_ONLY
219558458,219558458,Lenovo IdeaPad 330-15IKB 15.6 Inch LCD Notebook - Intel Core i3 (8th Gen) i3-8130U Dual-core 2.20 GHz - 4 GB DDR4 SDRAM - 1 TB HDD - Windows 10 Home,479.99,192330705950,Electronics/Computers/Laptops/Laptops By Brand/Lenovo Laptops,0,0.0,3944_3951_1089430,ONLINE_ONLY
613585784,613585784,Lenovo IdeaPad 330-15IGM 15.6 Inch LCD Notebook - Intel Pentium N5000 Quad-core (4 Core) 1.10 GHz - 4 GB DDR4 SDRAM - 500 GB HDD - Windows 10 Home,399.68,192330691925,Electronics/Computers/Laptops/Laptops By Brand/Lenovo Laptops,0,0.0,3944_3951_1089430,ONLINE_ONLY
996916286,996916286,Lenovo IdeaPad Flex 5-1570 81CA000UUS 15.6" LCD 2 in 1 Notebook - Intel Core i7 (8th Gen) i7-8550U Quad-core (4 Core) 1.8GHz - 8GB DDR4 SDRAM - 256GB SSD - Windows 10 Home,1053.1,192330718998,Electronics/Computers/Laptops/Shop Laptops by Type/Touchscreen Laptops,0,0.0,3944_3951_1089430,ONLINE_ONLY
336233346,336233346,Acer 15.6" Intel Core Pentium 1.1GHz 4GB Ram 32GB Flash Chrome OS|CB515-1HT-P39B | Manufacturer Refurbished,397.04,841631122200,Electronics/Computers/Laptops/Shop Laptops by Type/Refurbished Laptops,0,0.0,3944_3951_1089430,ONLINE_ONLY
620338064,620338064,Aspire 3 A315-51-52S5 i5-7200U 2.5 GHz 6 GB 1 TB 15.6" Windows 10 Home Notebook,506.18,191114562123,Electronics/Computers/Laptops/Laptops By Brand/Acer Laptops,0,0.0,3944_3951_1089430,ONLINE_ONLY
54808092,54808092,SWITCH ALPHA 12 SA5-271-78M8 12IN 8GB 256GB W10H 11AC I7-6500U,648.99,888863793112,Electronics/Computers/Laptops/Shop Laptops by Type/Touchscreen Laptops,0,0.0,3944_3951_1089430,ONLINE_AND_STORE
454921834,454921834,Dell Chromebook 5000 TDFVJ 11.6" Intel Celeron N3350 4GB 32GB FM Chrome OS,317.0,884116283157,Electronics/Computers/Laptops/Shop Laptops by Type/Google Chromebook,0,0.0,3944_3951_1089430,ONLINE_ONLY
302434613,302434613,Asus 14" Intel QuadCore 4GB 64GB,510.99,889349972731,Electronics/Computers/Laptops/Laptops By Brand/Asus Laptops,0,0.0,3944_3951_1089430,ONLINE_ONLY
186773806,186773806,Asus 90NB0HK1-M02320 14" FullHD Laptop Celeron N3060 4GB 64GB eMMC Win10,439.99,889349972724,Electronics/Computers/Laptops/Laptops By Brand/Asus Laptops,0,0.0,3944_3951_1089430,ONLINE_ONLY
926713535,926713535,Intel DualCore 11.6"  4GB 32GB,323.32,889349826850,Electronics/Computers/Laptops/Shop Laptops by Type/Touchscreen Laptops,0,0.0,3944_3951_1089430,ONLINE_ONLY
419979569,419979569,Asus VivoBook 15.6" FulLHD Gaming Laptop i7-8550U 8GB 256GB SSD 1TB GTX 1050,949.0,889349929353,Electronics/Computers/Laptops/Laptops By Brand/Asus Laptops,0,0.0,3944_3951_1089430,ONLINE_ONLY
180420906,180420906,ASUS VivoBook K570UD-ES54 Gaming Laptop Notebook 15.6 Full HD IPS i5-8250U, GeForce GTX 1050 Graphics, 8GB DDR4 RAM, 256GB SSD,879.99,889349929360,Electronics/Computers/Laptops/Laptops By Brand/Asus Laptops,0,0.0,3944_3951_1089430,ONLINE_ONLY
171397012,171397012,ASUS VivoBook K570UD-ES76 15.6" Laptop i7 GTX 1050 16GB DDR4 FHD 256GB SSD + 1TB HDD Fingerprint Reader Backlit Keyboard Gaming Notebook,1299.99,889349929377,Electronics/Computers/Laptops/Laptops By Brand/Asus Laptops,0,0.0,3944_3951_1089430,ONLINE_ONLY
174231098,174231098,Dell - Inspiron 17 5000, 17.3-inch FHD, Intel Core i5-8250U, 8GB 2400MHz DDR4, 1 TB 5400 RPM HDD, Intel UHD Graphics 620,730.57,884116277286,Electronics/Computers/Laptops/Laptops By Brand/Dell Laptops,1784,3.957,3944_3951_1089430,ONLINE_ONLY
908706849,908706849,Dell - Inspiron 15 7000, 15.6-inch Ultra HD, Intel Core i7-8550U, 16GB 2400MHz DDR4, 512 GB NVMe M.2 (SSD), NVIDIA GeForce MX130,1175.0,884116293033,Electronics/Computers/Laptops/Laptops By Brand/Dell Laptops,2389,3.902,3944_3951_1089430,ONLINE_ONLY
789982727,789982727,Dell - Inspiron 15 7000, 15.6-inch FHD, Intel Core i7-8550U, 8GB 2400MHz DDR4, 1 TB 5400 RPM Hybrid, NVIDIA GeForce MX130,1005.34,884116277224,Electronics/Computers/Laptops/Laptops By Brand/Dell Laptops,2389,3.902,3944_3951_1089430,ONLINE_ONLY
627907925,627907925,Dell Latitude 7490 14.1" FHD Laptop i7-8650U Quad-Core 16GB 256GB Win10 Pro,1773.36,884116283270,Electronics/Computers/Laptops/Laptops By Brand/Dell Laptops,0,0.0,3944_3951_1089430,ONLINE_ONLY
645145489,645145489,Dell Latitude 5590 15.6" Laptop i5-8250U Quad-Core 4GB 500GB Win 10 Pro,839.24,884116282921,Electronics/Computers/Laptops/Laptops By Brand/Dell Laptops,0,0.0,3944_3951_1089430,ONLINE_ONLY
220418597,220418597,Dell Latitude 5590 15.6" Laptop i5-8350U Quad-Core 8GB 500GB Win10 Pro,928.03,884116283010,Electronics/Computers/Laptops/Laptops By Brand/Dell Laptops,0,0.0,3944_3951_1089430,ONLINE_ONLY
342577928,342577928,Dell Latitude 3590 15.6" FHD Laptop i7-8550U Quad-Core 8GB 256GB Win10 Pro,1041.91,884116280644,Electronics/Computers/Laptops/Laptops By Brand/Dell Laptops,0,0.0,3944_3951_1089430,ONLINE_ONLY
740135619,740135619,Dell Latitude 7490 14.1" FHD Laptop i5-8250U Quad-Core 8GB 256GB SSD Win10 Pro,1287.04,884116283256,Electronics/Computers/Laptops/Laptops By Brand/Dell Laptops,0,0.0,3944_3951_1089430,ONLINE_ONLY
497629439,497629439,Dell Latitude 5590 15.6" FHD Laptop i5-8350U Quad-Core 8GB 256GB SSD Win10 Pro,1184.0,884116282983,Electronics/Computers/Laptops/Laptops By Brand/Dell Laptops,0,0.0,3944_3951_1089430,ONLINE_ONLY
621806770,621806770,Dell Latitude 5490 14" FHD Laptop i5-8350U Quad-Core 8GB 256GB SSD Win10 Pro,1160.45,884116282853,Electronics/Computers/Laptops/Laptops By Brand/Dell Laptops,0,0.0,3944_3951_1089430,ONLINE_ONLY
737079950,737079950,Dell Latitude 5490 14" Laptop i5-8250U Quad-Core 4GB 500GB Win10 Pro,836.87,884116282815,Electronics/Computers/Laptops/Laptops By Brand/Dell Laptops,0,0.0,3944_3951_1089430,ONLINE_ONLY
634950481,634950481,Dell Latitude 5490 14" FHD Laptop i5-8350U Quad-Core 8GB 500GB Win10 Pro,1018.05,884116282884,Electronics/Computers/Laptops/Laptops By Brand/Dell Laptops,0,0.0,3944_3951_1089430,ONLINE_ONLY
793162929,793162929,Dell Latitude 5590 15.6" FHD Laptop i5-8350U Quad-Core 8GB 500GB Win10 Pro,1015.16,884116282990,Electronics/Computers/Laptops/Laptops By Brand/Dell Laptops,0,0.0,3944_3951_1089430,ONLINE_ONLY
477789673,477789673,Dell Latitude 3590 15.6" Laptop i5-8250U Quad-Core 8GB 500GB Win10 Pro,758.89,884116279990,Electronics/Computers/Laptops/Laptops By Brand/Dell Laptops,0,0.0,3944_3951_1089430,ONLINE_ONLY
147796630,147796630,MSI GE73 Raider RGB-012 Core i7-8750H 2.6GHz 16GB 1TB+256GB 17.3" Windows 10 Pro,2049.0,824142159644,Electronics/Computers/Laptops/Shop Laptops by Type/Gaming Laptops,0,0.0,3944_3951_1089430,ONLINE_ONLY
128973409,128973409,MSI GE63 Raider 15.6", Intel Core i7-8750H, Nvidia Gefore GTX 1060 6GB GPU, 16GB RAM, 128GB + 1TB Storage, Windows 10 Pro, RGB-012,1618.25,824142159699,Electronics/Computers/Laptops/Shop Laptops by Type/Gaming Laptops,0,0.0,3944_3951_1089430,ONLINE_ONLY
364366796,364366796,MSI GP73 Leopard-001 17.3" Gaming Laptop i7-8750H 16GB 1TB 128GB SSD GTX1050Ti,1423.58,824142159859,Electronics/Computers/Laptops/Shop Laptops by Type/Gaming Laptops,0,0.0,3944_3951_1089430,ONLINE_ONLY
239121728,239121728,Asus 15.6" i5 8300H 8GB 1TB W10,799.99,889349992845,Electronics/Computers/Laptops/Shop Laptops by Type/Gaming Laptops,0,0.0,3944_3951_1089430,ONLINE_ONLY
511565884,511565884,ROG G703GI Desktop Replacement Gaming Laptop, Unlocked Intel Core i7-8750H processor, Overclocked GTX 1080 8GB, 17.3" 144Hz 3ms G-SYNC Display, 512GB PCIe SSD + 1TB FireCuda, 32GB DDR4, RGB Keybo,3499.0,889349985649,Electronics/Computers/Laptops/Shop Laptops by Type/Gaming Laptops,0,0.0,3944_3951_1089430,ONLINE_ONLY
327840411,327840411,ASUS G703GS-WS71 17.3" FHD 144Hz Intel i7-8750H NVIDIA GTX 1070 16GB DDR4 2666Mhz 1TB SSHD FireCuda Windows 10 ROG AURA RGB,2199.0,192876011751,Electronics/Computers/Laptops/Shop Laptops by Type/Gaming Laptops,0,0.0,3944_3951_1089430,ONLINE_ONLY
997869783,997869783,ASUS ROG Strix Hero Edition GL503GE-ES73 15.6" FHD Intel Core i7-8750H 16GB DDR4, 128GB PCIe SSD + 1TB SSHD, Windows 10,1186.0,889349993569,Electronics/Computers/Laptops/Shop Laptops by Type/Gaming Laptops,0,0.0,3944_3951_1089430,ONLINE_ONLY
733648919,733648919,ASUS ROG Strix Hero Edition GL503GE-ES52 15.6" FHD Intel Core i5-8300H 8GB DDR4, 128GB NVMe SSD + 1TB SSHD, Windows 10,1103.13,889349993552,Electronics/Computers/Laptops/Laptops By Brand/Asus Laptops,0,0.0,3944_3951_1089430,ONLINE_ONLY
724129351,724129351,Lenovo 300e Winbook 81FY000SUS 11.6" Touch Laptop N3450 4GB 64GB Flash W10P,295.23,192158787824,Electronics/Computers/Laptops/Shop Laptops by Type/Touchscreen Laptops,0,0.0,3944_3951_1089430,ONLINE_ONLY
149893373,149893373,MSI GT75 Titan-057 i7-8850 16GB 1TB 17.3 inch VR Windows 10,4074.05,824142161388,Electronics/Computers/Laptops/Shop Laptops by Type/Gaming Laptops,0,0.0,3944_3951_1089430,ONLINE_ONLY
965183429,965183429,Dell Chromebook 11 5190 Celeron N3350 1.1GHz 4GB 32GB ac BT 2xWC 11.6" HD MT Chrome OS,460.47,884116283188,Electronics/Computers/Laptops/Shop Laptops by Type/Touchscreen Laptops,0,0.0,3944_3951_1089430,ONLINE_ONLY
224665479,224665479,ASUS VivoBook Laptop, Notebook A9-9420 Dual Core Processor (Boost up to 3.6 Ghz) Radeon R5 Graphics, 8GB DDR4 RAM, 1TB HDD, 14 FHD F441BA-ES91,455.2,889349917169,Electronics/Computers/Laptops/Laptops By Brand/Asus Laptops,0,0.0,3944_3951_1089430,ONLINE_ONLY
751035919,751035919,MSI GS65 Stealth THIN-050 Core i7-8750 GTX1060 16GB 512GB SSD Windows 10 Pro,2212.16,824142160510,Electronics/Computers/Laptops/Shop Laptops by Type/Gaming Laptops,0,0.0,3944_3951_1089430,ONLINE_ONLY
562271029,562271029,Acer Aspire 3 A315-51-361T 15.6" FHD Laptop i3-6006U 4GB 1TB HDD Win10,407.34,191114560839,Electronics/Computers/Laptops/Laptops By Brand/Acer Laptops,0,0.0,3944_3951_1089430,ONLINE_ONLY
766124119,766124119,14.0" i5 8250U 8GB 256GB W10,1039.0,889349936825,Electronics/Computers/Laptops/Shop Laptops by Type/Touchscreen Laptops,0,0.0,3944_3951_1089430,ONLINE_ONLY
878363744,878363744,Aspire 3 A315-51-38QP i3-6006U 2 GHz 4 GB 1 TB 15.6" Windows 10 Home Notebook,407.34,191114560815,Electronics/Computers/Laptops/Laptops By Brand/Acer Laptops,0,0.0,3944_3951_1089430,ONLINE_ONLY
960405361,960405361,Acer Swift 1 SF113-31-P2VH 13.3" LCD Ultrabook - Intel Pentium N4200 Quad-core (4 Core) 1.10 GHz - 4 GB DDR3L SDRAM - 64 GB Flash Memory - Windows 10 S,348.99,191114550533,Electronics/Computers/Laptops/Shop Laptops by Type/Ultrabooks,1,4.0,3944_3951_1089430,ONLINE_ONLY
533559470,533559470,ASUS VivoBook Pro 17 N705UN-ES76 FHD 17.3" Laptop i7-8550U 8GB/1TB/256GB SSD,992.46,889349923443,Electronics/Computers/Laptops/Laptops By Brand/Asus Laptops,0,0.0,3944_3951_1089430,ONLINE_ONLY
973292863,973292863,MSI GS65 Stealth THIN-053 Core i7-8750 GTX1070 32GB 512G SSD Windows 10 Pro,2499.0,824142160534,Electronics/Computers/Laptops/Shop Laptops by Type/Gaming Laptops,0,0.0,3944_3951_1089430,ONLINE_ONLY
707614092,707614092,Dell Chromebook 5000 640V4 11.6" Intel Celeron N3350 4GB 16GB FM Chrome OS,298.37,884116282808,Electronics/Computers/Laptops/Shop Laptops by Type/Google Chromebook,0,0.0,3944_3951_1089430,ONLINE_ONLY
356882632,356882632,HP 15-DB0020NR, Smoke Gray 15.6 inch Laptop, Windows 10, A6-9225 DC Processor, 4GB memory, 1TB Hard Drive, UMA Graphics, DVD,379.99,192545208192,Electronics/Computers/Laptops/Laptops By Brand/HP Laptops,0,0.0,3944_3951_1089430,ONLINE_ONLY
536103889,536103889,HP 15-DA0020NR, Smoke Gray 15.6 inch+C30 Laptop, Windows 10, Core i3-7020U DC Processor, 4GB Memory, 1TB Hard Drive, UMA Graphics, DVD,419.99,192545208604,Electronics/Computers/Laptops/Laptops By Brand/HP Laptops,0,0.0,3944_3951_1089430,ONLINE_ONLY
665663206,665663206,HP 15-DB0040NR, Smoke Gray 15.6 inch Touch Laptop, Windows 10, R5-2500U QC Processor, 8GB Memory, 1TB Hard Drive, UMA Graphics, DVD,579.99,192545208277,Electronics/Computers/Laptops/Laptops By Brand/HP Laptops,0,0.0,3944_3951_1089430,ONLINE_ONLY
578466509,578466509,HP Pavilion 15-CU0010NR Mineral Silver 15.6 inch Touch Laptop, Windows 10, Core i5-8250U QC Processor, 8GB Memory, 1TB Hard Drive, UMA Graphics, DVD,699.99,192545210683,Electronics/Computers/Laptops/Laptops By Brand/HP Laptops,0,0.0,3944_3951_1089430,ONLINE_ONLY
499554369,499554369,HP 15-DB0030NR, Smoke Gray 15.6 inch Touch Laptop, Windows 10, R3-2200U DC Processor, 8GB Memory, 1TB Hard Drive, UMA Graphics, DVD,499.99,192545208246,Electronics/Computers/Laptops/Laptops By Brand/HP Laptops,0,0.0,3944_3951_1089430,ONLINE_ONLY
466868913,466868913,HP 17-BY0010NR Jet Black 17.3 inch Laptop, Windows 10, Pentium N5000 QC Processor, 4GB Memory, 1TB Hard Drive, UMA Graphics, DVD,429.99,192545210676,Electronics/Computers/Laptops/Laptops By Brand/HP Laptops,0,0.0,3944_3951_1089430,ONLINE_ONLY
439708279,439708279,HP 17-CA0010NR, Smoke Gray 17.3 inch Laptop, Windows 10, A9-9425 DC Processor, 4GB Memory, 500GB Hard Drive, UMA Graphics, DVD,419.99,192545210645,Electronics/Computers/Laptops/Laptops By Brand/HP Laptops,0,0.0,3944_3951_1089430,ONLINE_ONLY
990702040,990702040,Refurbished "HP Pavilion 15-CB077CL Laptop",729.95,191628198313,Electronics/Computers/Laptops/Shop Laptops by Type/Refurbished Laptops,0,0.0,3944_3951_1089430,ONLINE_ONLY
678916810,678916810,Dell Chromebook 5000 W0KX6 11.6" Touchscreen Celeron N3350 4GB 16GB FM Chrome OS,349.91,884116283164,Electronics/Computers/Laptops/Shop Laptops by Type/Google Chromebook,0,0.0,3944_3951_1089430,ONLINE_ONLY
471535786,471535786,HP Pavilion 15-CR0077NR Natural Silver 15.6 inch Touch Laptop, Windows 10, Core i5-8250U QC Processor, 8GB Memory, 256 GB SSD Hard Drive, UMA Graphics, B&O Play,749.99,192545191753,Electronics/Computers/Laptops/Shop Laptops by Type/Touchscreen Laptops,0,0.0,3944_3951_1089430,ONLINE_ONLY
532162858,532162858,HP Envy 15-BP110NR Natural Silver 15.6 inch Touch Laptop, Windows 10, Core i7-8550U QC Processor, 8GB Memory, 256 GB SSD PCIe Hard Drive, UMA Graphics, Backlit Keyboard, Bang & Olufsen,949.99,192545208659,Electronics/Computers/Laptops/Shop Laptops by Type/Touchscreen Laptops,0,0.0,3944_3951_1089430,ONLINE_ONLY
734538481,734538481,HP Pavilion 15-CS0079NR Ceramic White and Pale Gold 15.6 inch Touch Laptop, Windows 10, 8GB Memory, 1 TB Hard Drive, UMA Graphics, B&O Play,619.99,192545179874,Electronics/Computers/Laptops/Laptops By Brand/HP Laptops,0,0.0,3944_3951_1089430,ONLINE_ONLY
996268466,996268466,HP Envy 13-AH0010NR Natural Silver 13.3 inch Touch Laptop, Windows 10, Core i7-8550U QC Processor, 8GB Memory, 256 GB SSD PCIe Hard Drive, UMA Graphics, Backlit Keyboard, Bang & Olufsen,1017.48,192545210669,Electronics/Computers/Laptops/Shop Laptops by Type/Touchscreen Laptops,0,0.0,3944_3951_1089430,ONLINE_ONLY
690335711,690335711,HP Pavilion 15-CR0075NR Natural Silver 15.6 inch Touch Laptop, Windows 10, Core i3-8130U DC Processor, 8GB Memory, 1TB Hard Drive, UMA Graphics, B&O Play,629.99,192545180153,Electronics/Computers/Laptops/Shop Laptops by Type/Touchscreen Laptops,0,0.0,3944_3951_1089430,ONLINE_ONLY
570653113,570653113,HP Pavilion 15-CR0078NR Pale Gold 15.6 inch Touch Laptop, Windows 10, Core i5-8250U QC Processor, 8GB Memory, 256 GB SSD Hard Drive, UMA Graphics, B&O Play,749.99,192545191890,Electronics/Computers/Laptops/Shop Laptops by Type/Touchscreen Laptops,0,0.0,3944_3951_1089430,ONLINE_ONLY
490115146,490115146,HP Pavilion 15-CR0076NR Pale Gold 15.6 inch Touch Laptop, Windows 10, Core i3-8130U DC Processor, 8GB Memory, 1TB Hard Drive, UMA Graphics, B&O Play,629.99,192545191555,Electronics/Computers/Laptops/Shop Laptops by Type/Touchscreen Laptops,0,0.0,3944_3951_1089430,ONLINE_ONLY
747379367,747379367,HP Pavilion 15-CS0078 Mineral Silver 15.6" Laptop, Windows 10, Core i7-8550U QC Processor, 8GB Memory with 16GB Optane, 1TB Hard Drive, UMA Graphics, Backlit KB,869.99,192545180207,Electronics/Computers/Laptops/Laptops By Brand/HP Laptops,0,0.0,3944_3951_1089430,ONLINE_ONLY
832926844,832926844,HP Envy 3VN94UA#ABA 13.3" Laptop i5-8250U 8GB 128GB SSD Windows 10 Home,829.99,192545180801,Electronics/Computers/Laptops/Laptops By Brand/HP Laptops,0,0.0,3944_3951_1089430,ONLINE_ONLY
374856360,374856360,HP 15-DB0073NR Light Blue 15.6 inch Laptop, A9-9425 DC Processor, 4GB Memory, 1TB Hard Drive, UMA Graphics, DVD, HD Audio,389.99,192545178945,Electronics/Computers/Laptops/Laptops By Brand/HP Laptops,0,0.0,3944_3951_1089430,ONLINE_ONLY
429705489,429705489,HP Pavilion 15-CX0020NR Acid Green 15.6 inch Gaming Laptop, Windows 10, Core i5+ 8300H QC and Intel Optane Hard Drive, 8GB Memory with 16GB Intel Optane, DSC GTX 1050Ti 4GB Graphics, Backlit Keyboard,839.99,192545208680,Electronics/Computers/Laptops/Shop Laptops by Type/Gaming Laptops,0,0.0,3944_3951_1089430,ONLINE_ONLY
715790536,715790536,ASUS PRO P2540UB-XB51 15.6 LCD Notebook - Intel Core i5 (8th Gen) i5-8250U Quad-core (4 Core) 1.6GHz - 8GB DDR4 SDRAM - 256 GB SSD - Windows 10 Pro,799.0,192876027936,Electronics/Computers/Laptops/Laptops By Brand/Asus Laptops,0,0.0,3944_3951_1089430,ONLINE_ONLY
457248813,457248813,Acer Aspire 3 A315-41-R9J1 15.6" LCD Notebook - AMD Ryzen 7 2700U Quad-core (4 Core) 2.20 GHz - 8 GB DDR4 SDRAM - 256 GB SSD - Windows 10 Home 64-bit - 1920 x 1080 - ComfyView - Obsidian Black -,899.99,191114639832,Electronics/Computers/Laptops/Laptops By Brand/Acer Laptops,0,0.0,3944_3951_1089430,ONLINE_ONLY
696146486,696146486,Acer Predator Triton 700 PT715-51-761M 15.6" LCD Notebook - Intel Core i7 (7th Gen) i7-7700HQ Quad-core (4 Core) 2.80 GHz - 16 GB DDR4 SDRAM - 512 GB SSD - Windows 10 Home 64-bit - 1920 x 1080 -,2062.83,191114378236,Electronics/Computers/Laptops/Laptops By Brand/Acer Laptops,0,0.0,3944_3951_1089430,ONLINE_ONLY
580688867,580688867,HP Pavilion 15-CS0077NR Mineral Silver 15.6 Laptop, Core i5-8250U QC Processor, 8GB Memory + 16GB Optane, 1TB Hard Drive, UMA graphics, Backlit Keyboard, B&O Play Audio,739.99,192545180177,Electronics/Computers/Laptops/Laptops By Brand/HP Laptops,0,0.0,3944_3951_1089430,ONLINE_ONLY
711949109,711949109,HP Pavilion 3ZW67UA#ABA 15.6" Laptop AMD Ryzen5 2500U 8GB 1TB HDD Win10 Home,569.99,192545356596,Electronics/Computers/Laptops/Laptops By Brand/HP Laptops,0,0.0,3944_3951_1089430,ONLINE_ONLY
975627579,975627579,Dell G3 17 3779 17.3" LCD Notebook - Intel i7 (8th Gen) i7-8750H Hexa-core (6 Core) 2.20 GHz - 8 GB DDR4 - 1 TB HDD - 128 GB SSD - Windows 10 Home 64-bit - NVIDIA GeForce GTX 1050 Ti with 4 GB GDDR5,986.6,884116293934,Electronics/Computers/Laptops/Laptops By Brand/Dell Laptops,0,0.0,3944_3951_1089430,ONLINE_ONLY
824645369,824645369,Dell - Inspiron 13 5000 2-in-1, 13.3-inch FHD, Intel Core i5-8250U, 8GB 2400MHz DDR4, 1TB HDD, Intel UHD Graphics 620,639.98,884116276043,Electronics/Computers/Laptops/Shop Laptops by Type/Touchscreen Laptops,2,1.0,3944_3951_1089430,ONLINE_ONLY
156626642,156626642,Dell - G5 15(5587), G5587-5859BLK, 15.6" FHD, Intel Core i5-8300H, 8GB 2666MHz DDR4, 128 GB SSD (Boot) + 1TB 5400RPM Hard Drive (Storage), NVIDIA GeForce GTX 1060 with NVIDIA Max Q Design technology,899.99,884116293859,Electronics/Computers/Laptops/Shop Laptops by Type/Gaming Laptops,0,0.0,3944_3951_1089430,ONLINE_ONLY
337571874,337571874,Alienware 15 R4 15.6" LCD Gaming Notebook - Intel Core i7 (8th Gen) i7-8750H Hexa-core (6 Core) 2.20 GHz - 16 GB DDR4 SDRAM - 8 GB SSD - 1 TB HHD NVIDIA GeForce GTX 1060 with 6 GB GDDR5,1389.0,884116293675,Electronics/Computers/Laptops/Laptops By Brand/Dell Laptops,0,0.0,3944_3951_1089430,ONLINE_ONLY
200764270,200764270,Alienware 17 17 R5 VR Ready 17.3" LCD Gaming Notebook - Intel i7 (8th Gen) i7-8750H Hexa-core (6 Core) 2.20 GHz - 16 GB DDR4 SDRAM - 1 TB HHD - NVIDIA GeForce GTX 1070 with 8 GB GDDR5,1779.99,884116294092,Electronics/Computers/Laptops/Shop Laptops by Type/Gaming Laptops,0,0.0,3944_3951_1089430,ONLINE_ONLY
928660780,928660780,Alienware 17 R5 VR Ready 17.3" LCD Gaming Notebook - Intel i7 (8th Gen) i7-8750H Hexa-core (6 Core) 2.20 GHz - 8 GB DDR4 SDRAM - 1 TB HDD - 256 GB SSD - NVIDIA GeForce GTX 1060 with 6 GB GDDR5,1832.83,884116294108,Electronics/Computers/Laptops/Shop Laptops by Type/Gaming Laptops,0,0.0,3944_3951_1089430,ONLINE_ONLY
601485278,601485278,Dell - G3 Gaming Laptop 15.6", Intel Core i5-8300H, NVIDIA GeForce GTX 1050 4GB, 8GB RAM, 1TB HHD, G3579-5958BLK,873.73,884116293958,Electronics/Computers/Laptops/Shop Laptops by Type/Gaming Laptops,0,0.0,3944_3951_1089430,ONLINE_ONLY
950926032,950926032,Dell Inspiron 5000 15.6" LCD Notebook - Intel Core i5 (8th Gen) i5-8250U Quad-core (4 Core) 1.6GHz - 8GB DDR4 SDRAM - 1TB HDD - Windows 10 Pro,509.0,884116293606,Electronics/Computers/Laptops/Laptops By Brand/Dell Laptops,0,0.0,3944_3951_1089430,ONLINE_ONLY
719680955,719680955,Inspiron 15 5000 2-in-1, i5579-7978GRY, 15.6-inch FHD Touch (1920 x 1080), Intel Core i7-8550U, 8GB 2400MHz DDR4, 1 TB 5400 RPM HDD, Intel UHD Graphics 620,629.0,884116275978,Electronics/Computers/Laptops/Shop Laptops by Type/2-in-1 Laptops,1184,3.911,3944_3951_1089430,ONLINE_ONLY
437706245,437706245,Dell Inspiron 13 7000 13-7370 13.3" Touchscreen LCD Notebook - Intel Core i5 (8th Gen) i5-8250U Quad-core - 8 GB DDR4 - 256 GB SSD - Win 10 Home 64-bit,898.05,884116276937,Electronics/Computers/Laptops/Laptops By Brand/Dell Laptops,0,0.0,3944_3951_1089430,ONLINE_ONLY
471112545,471112545,Dell Inspiron 5770 17.3" LCD Notebook - Intel Core i5 (8th Gen) i5-8250U Quad-core 1.60 GHz - 8 GB DDR4 SDRAM - 1 TB HDD - Win10 Home 64-bit - 1920 x 1080 - In-plane Switching (IPS) Technology,619.99,884116293422,Electronics/Computers/Laptops/Laptops By Brand/Dell Laptops,0,0.0,3944_3951_1089430,ONLINE_ONLY
132606948,132606948,Dell 15.6" Inspiron Series 5570, FHD (1920 x 1080) IPS Truelife, 8th Generation Intel Core i5-8250U Processor (6MB Cache, up to 3.4GHz), 8GB 2400MHz DDR4, 1 TB 5400 RPM, Windows 10 Home,663.64,884116293644,Electronics/Computers/Laptops/Laptops By Brand/Dell Laptops,0,0.0,3944_3951_1089430,ONLINE_ONLY
55395374,55395374,Acer Swift 3 SF314-51-71UU - 14" - Core i7 7500U - 8 GB RAM - 512 GB SSD - US International,874.61,888863929412,Electronics/Computers/Laptops/Shop Laptops by Type/All Laptop Computers,0,0.0,3944_3951_1089430,ONLINE_ONLY
685181205,685181205,MSI GT63 Titan-047 VR 15.6" Gaming Laptop i7-8750H 16GB 1TB 256GB GTX 1070 8GB,2505.02,824142162934,Electronics/Computers/Laptops/Shop Laptops by Type/Gaming Laptops,0,0.0,3944_3951_1089430,ONLINE_ONLY
834571877,834571877,HP Pavilion 15-CX0040NR Acid Green 15.6 inch Gaming Laptop, Windows 10, Core i5-8300H QC Processor, 8GB Memory, 1 TB + 128 GB SSD Hard Drive, RX 560 2GB Graphics, Backlit Keyboard,779.99,192545339414,Electronics/Computers/Laptops/Shop Laptops by Type/Gaming Laptops,0,0.0,3944_3951_1089430,ONLINE_ONLY
341026265,341026265,MSI WE63 8SJ-235 15.6" Mobile Laptop i7-8750H 32GB 512GB SSD Windows 10 Pro,2070.63,824142163672,Electronics/Computers/Laptops/Windows 10 Laptops,0,0.0,3944_3951_1089430,ONLINE_ONLY
884354256,884354256,MSI WS63 8SJ WS63 8SJ-019 VR Ready 15.6" Laptop i7-8750H 16GB 512GB SSD W10P,2099.0,824142164778,Electronics/Computers/Laptops/Windows 10 Laptops,0,0.0,3944_3951_1089430,ONLINE_ONLY
388387839,388387839,MSI WE73 8SJ 17.3" Workstation Laptop i7-8750H 32GB 512GB SSD Quadro P2000 W10P,2121.16,824142163498,Electronics/Computers/Desktop Computers/Desktops By Brand/MSI Desktop Computers,0,0.0,3944_3951_132982,ONLINE_ONLY
216066268,216066268,MSI WS63 8SK-017 15.6" LCD Mobile Workstation - Intel Core i7 (8th Gen) i7-8750H Hexa-core (6 Core) 2.2GHz - 32GB DDR4 SDRAM - 2TB HDD - 512GB SSD - Windows 10 Pro,2806.95,824142164723,Electronics/Computers/Laptops/Windows 10 Laptops,0,0.0,3944_3951_1089430,ONLINE_ONLY
708224527,708224527,MSI WE73 8SK 17.3" Workstation Laptop i7-8750H 32GB 512GB NVIDIA Quadro P3200,2455.94,824142163290,Electronics/Computers/Laptops/Windows 10 Laptops,0,0.0,3944_3951_1089430,ONLINE_ONLY
250933365,250933365,MSI WE63 8SI WE63 8SI-239 VR 15.6" Laptop i7-8750H 16GB 256GB NVIDIA P1000,1558.47,824142163702,Electronics/Computers/Laptops/Windows 10 Laptops,0,0.0,3944_3951_1089430,ONLINE_ONLY
149968319,149968319,HP Omen 17-AN120NR 17.3 Shadow Black Gaming Laptop, Core i7-8750H HC Processor, 16GB Memory, 1TB Hard Drive + 128 GB SSD, DSC GTX 1060 6GB Graphics, 4 Zone Backlit,1399.99,192545207942,Electronics/Computers/Laptops/Shop Laptops by Type/Gaming Laptops,0,0.0,3944_3951_1089430,ONLINE_ONLY
284303972,284303972,MSI WS63 8SL WS63015 15.6" Mobile Workstation i7-8750H 32GB 2TB 512GB W10P,3599.0,824142164709,Electronics/Computers/Laptops/Windows 10 Laptops,0,0.0,3944_3951_1089430,ONLINE_ONLY
647204224,647204224,HP Omen 17-AN110NR 17.3 inch FHD IPS Shadow Black Gaming Laptop, Core i7-8750H HC Processor, 12GB Memory, 1TB Hard Drive + 128 GB SSD, DSC GTX 1050Ti 4GB Graphics, 4 Zone Backlit,1149.99,192545207928,Electronics/Computers/Laptops/Shop Laptops by Type/Gaming Laptops,1,5.0,3944_3951_1089430,ONLINE_ONLY
355794896,355794896,MSI WE73 8SK-293 17.3" Mobile Laptop E-2176M 32GB 512GB SSD Windows 10 Pro,2749.0,824142164556,Electronics/Computers/Laptops/Windows 10 Laptops,0,0.0,3944_3951_1089430,ONLINE_ONLY
928696932,928696932,HP Stream 14-cb100 14-cb110nr 14" Laptop N4000 4GB 32GB Flash - Blue,233.86,192545545976,Electronics/Computers/Laptops/Laptops By Brand/HP Laptops,0,0.0,3944_3951_1089430,ONLINE_ONLY
788370793,788370793,HP Stream 14-CB180NR 14" FHD IPS Infinity Purple Laptop, Windows 10S, Office 365 1 Year Subscription included, Celeron N4000 DC Processor, 4GB Memory, 64GB Hard Drive,337.26,192545545860,Electronics/Computers/Software,0,0.0,3944_3951_443023,ONLINE_ONLY
812034425,812034425,HP Stream 14-CB150NR 14" HD Infinity Purple Laptop, Windows 10S, Office 365 1 Year Subscription included, Celeron N4000 DC Processor, 4GB Memory, 64GB Hard Drive,283.3,192545544993,Electronics/Computers/Software,0,0.0,3944_3951_443023,ONLINE_ONLY
630282398,630282398,HP Stream 14-CB170NR 14" FHD IPS Aqua Blue Laptop, Windows 10S, Office 365 1 Year Subscription included, Celeron N4000 DC Processor, 4GB Memory, 64GB Hard Drive,333.22,192545545808,Electronics/Computers/Laptops/Laptops By Brand/HP Laptops,0,0.0,3944_3951_1089430,ONLINE_ONLY
808497883,808497883,HP Stream 14-CB160NR 14" HD Smoke Gray Laptop, Windows 10S, Office 365 1 Year Subscription included, Celeron N4000 DC Processor, 4GB Memory, 64GB Hard Drive,283.3,192545545433,Electronics/Computers/Software,0,0.0,3944_3951_443023,ONLINE_ONLY
345453169,345453169,HP Stream 14-CB140NR 14" HD Aqua Blue Laptop, Windows 10S, Office 365 1 Year Subscription included, Celeron N4000 DC Processor, 4GB Memory, 64GB Hard Drive,279.26,192545544962,Electronics/Computers/Laptops/Laptops By Brand/HP Laptops,0,0.0,3944_3951_1089430,ONLINE_ONLY
928512108,928512108,HP Stream 14-CB190NR 14" FHD IPS Smoke Gray Laptop, Windows 10S, Office 365 1 Year Subscription included, Celeron N4000 DC Processor, 4GB Memory, 64GB Hard Drive,337.26,192545545891,Electronics/Computers/Software,0,0.0,3944_3951_443023,ONLINE_ONLY
532866848,532866848,HP Stream 14-cb100 14-cb120nr 14" Laptop N4000 4GB 32GB Flash W10S - Purple,233.88,192545544894,Electronics/Computers/Laptops/Laptops By Brand/HP Laptops,0,0.0,3944_3951_1089430,ONLINE_ONLY
202101509,202101509,ASUS PRO P2540UB-XB71 15.6 LCD Notebook - Intel Core i7 (8th Gen) i7-8550U Quad-core (4 Core) 1.8GHz - 8GB DDR4 SDRAM - 256 GB SSD - Windows 10 Pro,982.07,192876036785,Electronics/Computers/Laptops/Laptops By Brand/Asus Laptops,0,0.0,3944_3951_1089430,ONLINE_ONLY
459146061,459146061,HP Omen 15-DC0030NR Shadow Black 15.6 inch FHD IPS Gaming Laptop, Windows 10, Core i7-875OH HC Processor, 16GB Memory, 1TB Hard Drive + 128 GB SSD, DSC GTX 1060 6GB Graphics, 4 Zone Backlit KB,1199.99,192545208215,Electronics/Computers/Laptops/Shop Laptops by Type/Gaming Laptops,0,0.0,3944_3951_1089430,ONLINE_ONLY